Rank,GM,playerId,optaPersonId,Min,Age,Position,firstName,lastName,player,team,teamId,optaTeamId,leagueId,league,SubOff,SubOn,GWG,SOG,SOTInBox,SOTOBox,BlkdInBox,BlkdOutBox,Off,OffTgtOBox,PenTaken,PenGoal,ShotDirFK,GoalDirFK,GoalInBx,GoalOBx,GoalOP,GoalHead,OfTgHd,SOTHead,GoalLF,GoalRF,ShotLF,ShotRF,PsOpHfFl,PsOnHfFl,PsAtt,PsOnHfScs,PsOpHfScs,ExpG,Goal,Ast,ExpA,BgChnc,BgChncCrtd,ChncSetPl,ChncOpnPl,Chance,X1v1,X1v1InBox,Sc1v1InBox,SucflDuels,Success1v1,ThrghBalls,ThrghBlCmp,Touches,DuelLs,FailTackle,SucflTkls,Int,DefTouch,TcklMade.,Clrnce,HeadClear,Recovery,FlComA3,FlComD3,FlComM3,FlSufA3,FlSufD3,FlSufM3,Offsides,CleanSheet,CrossPunch,ErrGoal,ErrShot,Cleared,KeeperCtch,GoalCncd,GoalCnIBx,GoalCnOBx,PensWon,Saves,SvBody,SvCght,SvClct,SvDive,SvFeet,SvFTip,SvHands,SvInBox,SvOutBox,SvPrdDng,SvPrdSaf,SvReach,SvStand,SvStoop,X2ndYellow,Red,Yellow,BgChncFace,Turnover,Disposs,TchsA3,TchsD3,TchsM3,TouchOpBox,X.PassFwd,Pass.,PsCmpM3,PsCmpA3,PsCmpD3,PsAttD3,PsAttM3,Pull.Back.Passes.Completed,PsDist,ChlngeLost,Aerial.,Aerials,ExpGAg
9,27,7ehcrcdv82ib5fkpo3498gpgp,244929,1974,23,Left Back,Kwame,Awuah,K. Awuah,Forge,c2pdzdl3dgf5b0siidn2ay5ii,15377,6lkj3o21cr4g7bql6tb3fk222,Canadian Premier League (Canada),5,5,0,1,0,1,0,1,4,3,0,0,0,0,0,0,0,0,0,0,0,0,4,1,159,59,1050,363,469,0.21,0,5,3.45,0,5,0,29,29,61,4,0,132,27,0,0,1665,143,19,43,41,131,80.50%,20,9,162,15,3,12,4,7,11,3,0,0,0,0,0,0,18,15,3,0,0,0,0,0,0,0,0,0,0,0,0,0,0,0,0,0,0,4,37,16,50,479,372,814,27,38.20%,79.20%,489,198,145,204,588,0,16.6,15,45.70%,46,0
73,26,6pi1u2mdt56ns3pqkdjp772s5,245004,1497,24,Left Attacking Midfielder,Christopher,Nanco,C. Nanco,Forge,c2pdzdl3dgf5b0siidn2ay5ii,15377,6lkj3o21cr4g7bql6tb3fk222,Canadian Premier League (Canada),7,11,2,12,10,2,2,3,13,6,0,0,0,0,4,0,4,0,0,2,2,2,5,18,87,19,387,69,212,2.32,4,2,2.51,2,6,0,21,21,76,10,3,72,23,1,1,773,147,13,8,13,41,51.20%,6,2,89,12,5,9,4,2,14,14,0,0,0,0,0,0,15,11,4,0,0,0,0,0,0,0,0,0,0,0,0,0,0,0,0,0,0,1,27,24,50,453,63,257,76,27.10%,72.60%,107,156,18,31,146,2,15,20,36.40%,22,0
11,24,3uxa33px113otw58gni3g72l1,151937,2004,28,Left Back,Blake,Smith,B. Smith,Pacific,b3436h8h14zw7f1uv6w9vqf6y,15380,6lkj3o21cr4g7bql6tb3fk222,Canadian Premier League (Canada),0,2,0,0,0,0,0,2,7,5,0,0,0,0,0,0,0,0,0,0,0,0,6,1,136,65,1063,509,353,0.29,0,5,2.81,0,5,2,18,20,15,0,0,87,9,0,0,1602,68,9,26,43,137,74.50%,53,22,145,2,7,14,3,12,9,3,0,0,0,0,0,0,41,36,5,0,0,0,0,0,0,0,0,0,0,0,0,0,0,0,0,0,0,3,65,0,11,317,564,721,12,40.20%,81.10%,463,119,280,360,554,0,17.8,12,53.80%,39,0
116,8,7y21qqftugy5rfncz7atrue7e,484561,678,24,Left Centre Back,Duran,Lee,D. Lee,HFX Wanderers,5gmx3o5y2oc0i6rowjwtu7jvu,15376,6lkj3o21cr4g7bql6tb3fk222,Canadian Premier League (Canada),1,1,0,0,0,0,1,0,0,0,0,0,0,0,0,0,0,0,0,0,0,0,0,0,38,24,274,160,52,0.05,0,0,0.23,0,1,0,1,1,6,0,0,40,4,0,0,385,30,4,24,9,60,96.60%,21,11,50,0,8,10,0,3,1,0,0,0,0,0,0,0,9,7,2,0,0,0,0,0,0,0,0,0,0,0,0,0,0,0,0,0,0,1,11,0,3,13,260,112,2,48.50%,77.40%,73,2,137,177,92,0,20.4,1,33.30%,12,0
80,18,6ptroe7b9vgzimcvzo2fehcr9,167890,1301,24,Centre Forward,Michael,Petrasso,M. Petrasso,Valour,dd2vf0yzjm7jm7cak9tf11sa2,15378,6lkj3o21cr4g7bql6tb3fk222,Canadian Premier League (Canada),3,3,0,13,8,5,7,2,11,7,4,4,0,0,5,1,2,0,0,0,0,6,1,23,69,11,383,91,212,6.57,6,5,3.78,8,4,2,20,22,63,6,2,62,30,1,0,676,85,2,6,3,21,57.10%,7,2,51,10,0,4,5,4,10,10,0,0,0,0,0,0,30,29,1,1,0,0,0,0,0,0,0,0,0,0,0,0,0,0,0,0,0,0,47,28,26,392,52,232,68,21.10%,79.10%,129,155,19,26,158,1,14.4,6,18.50%,27,0
26,24,83d29e64znddf9kkyo62u4g6h,424288,1850,20,Central Midfielder,Noah,Verhoeven,N. Verhoeven,Pacific,b3436h8h14zw7f1uv6w9vqf6y,15380,6lkj3o21cr4g7bql6tb3fk222,Canadian Premier League (Canada),4,3,0,5,1,4,0,6,5,3,0,0,0,0,0,0,0,0,0,0,0,0,7,3,133,42,918,344,399,1.44,0,1,3.17,2,5,9,16,25,50,0,0,87,22,4,2,1319,105,7,19,12,47,54.20%,9,2,134,5,1,11,4,2,25,1,0,0,1,0,0,0,39,33,6,0,0,0,0,0,0,0,0,0,0,0,0,0,0,0,0,0,0,1,59,8,27,353,218,748,15,35.20%,80.90%,495,134,114,160,595,0,17.2,22,36.00%,25,0
97,15,8v158n3stjodma3bjlj4yg639,124576,969,29,Right Back,Kareem,Moses,K. Moses,Edmonton,73xrv2025rnj0t3y9ayp83bec,6925,6lkj3o21cr4g7bql6tb3fk222,Canadian Premier League (Canada),3,4,0,1,0,1,2,1,8,1,0,0,0,0,0,0,0,0,6,0,0,0,0,3,65,27,374,152,130,0.76,0,0,0.19,0,0,2,2,4,6,1,1,80,6,0,0,578,29,9,15,14,64,80.00%,26,16,48,7,2,3,2,10,8,0,0,0,0,0,0,0,13,13,0,0,0,0,0,0,0,0,0,0,0,0,0,0,0,0,0,0,0,2,19,0,1,104,218,256,18,44.70%,75.40%,158,33,91,123,206,0,19.8,6,71.10%,45,0
131,9,btd38hasv7hxy5bw4g43ymhyi,447302,363,19,Left Back,Monti,Mohsen,M. Mohsen,Forge,c2pdzdl3dgf5b0siidn2ay5ii,15377,6lkj3o21cr4g7bql6tb3fk222,Canadian Premier League (Canada),3,5,0,1,0,1,0,0,3,1,0,0,0,0,0,1,1,0,0,0,1,0,4,0,21,4,111,37,49,0.15,1,0,0.63,0,1,1,3,4,10,0,0,26,4,0,0,243,36,4,5,5,23,47.40%,6,3,10,0,6,3,1,2,5,0,0,0,0,0,0,0,2,2,0,0,0,0,0,0,0,0,0,0,0,0,0,0,0,0,0,0,0,2,2,4,7,82,55,106,3,31.50%,77.50%,46,25,15,21,55,0,16.8,10,45.50%,11,0
92,20,awlwtcxwgucwrkpb5lmsqlzsa,481761,1180,24,Centre Attacking Midfielder,Kodai,Iida,K. Iida,HFX Wanderers,5gmx3o5y2oc0i6rowjwtu7jvu,15376,6lkj3o21cr4g7bql6tb3fk222,Canadian Premier League (Canada),6,8,0,6,4,2,3,5,5,3,0,0,2,0,0,1,1,0,0,0,1,0,5,6,72,17,361,90,182,1.48,1,2,1.38,2,1,6,13,19,43,1,0,73,21,0,0,606,65,5,8,7,21,65.00%,1,1,56,6,0,7,15,8,12,8,0,0,0,0,0,0,15,12,3,2,0,0,0,0,0,0,0,0,0,0,0,0,0,0,0,0,0,1,24,10,18,270,54,282,25,31.90%,75.30%,157,93,22,30,200,0,15.5,7,23.50%,17,0
101,25,c0bz7h3es1ym0n5he0l4ntzop,172568,1397,23,Centre Forward,Jordan,Brown,J. Brown,Cavalry,41ewt71n8fqwy6trsqta1bjvu,15381,6lkj3o21cr4g7bql6tb3fk222,Canadian Premier League (Canada),5,10,2,13,11,2,8,5,16,4,0,0,0,0,3,1,3,1,6,1,1,2,6,16,65,9,299,76,149,7.07,4,1,3.13,9,6,3,14,17,33,2,1,67,13,0,0,542,125,11,15,2,32,59.10%,4,2,58,16,1,17,5,0,2,5,0,0,0,0,0,0,8,7,1,0,0,0,0,0,0,0,0,0,0,0,0,0,0,0,0,0,0,2,12,12,23,293,32,217,69,21.40%,75.30%,128,84,13,16,156,0,13,18,34.40%,61,0
99,12,3ucemntfw84vk7op9z7wnf36d,428321,1080,24,Goalkeeper,Nolan,Wirth,N. Wirth,Pacific,b3436h8h14zw7f1uv6w9vqf6y,15380,6lkj3o21cr4g7bql6tb3fk222,Canadian Premier League (Canada),0,0,0,0,0,0,0,0,0,0,0,0,0,0,0,0,0,0,0,0,0,0,0,0,105,42,411,232,32,0,0,0,0,0,0,0,0,0,0,0,0,1,0,0,0,568,0,0,0,1,12,-,11,1,17,0,0,0,0,0,0,0,1,4,0,0,6,6,24,22,2,0,59,4,3,27,26,4,0,51,32,27,11,18,2,17,14,0,0,0,43,0,0,0,565,3,0,54.30%,64.20%,0,0,264,408,3,0,34.6,0,100.00%,1,24.71
1,28,d3uo72swkorck8mo41kv1yp61,423548,2470,23,Left Centre Back,Daniel,Krutzen,D. Krutzen,Forge,c2pdzdl3dgf5b0siidn2ay5ii,15377,6lkj3o21cr4g7bql6tb3fk222,Canadian Premier League (Canada),1,1,0,5,3,2,1,0,6,5,0,0,4,0,1,0,0,1,1,1,0,0,9,0,262,87,1560,692,519,1.32,1,2,1.56,2,2,10,9,19,6,0,0,114,5,0,0,2030,80,25,24,46,198,75.40%,96,54,154,5,9,9,0,10,3,0,0,0,0,0,0,0,24,21,3,0,0,0,0,0,0,0,0,0,0,0,0,0,0,0,0,0,0,0,40,0,4,181,844,1005,17,47.10%,77.60%,698,54,459,607,873,0,22.8,16,55.80%,86,0
106,11,a5l5lmn7lf8wg3lp05d5sdsdl,243770,945,26,Right Centre Back,Justin,Springer,J. Springer,York9,cqthcpums3aas2tdy0qhlkuwa,15382,6lkj3o21cr4g7bql6tb3fk222,Canadian Premier League (Canada),1,0,0,1,1,0,0,0,0,0,0,0,0,0,0,0,0,0,0,1,0,0,0,0,58,21,337,193,65,0.05,0,0,0.03,0,0,1,0,1,2,0,0,51,1,0,0,479,21,7,13,10,79,90.90%,47,20,36,0,1,2,1,7,1,1,0,0,0,0,0,0,19,16,3,0,0,0,0,0,0,0,0,0,0,0,0,0,0,0,0,0,0,2,21,2,0,12,318,149,6,49.60%,76.60%,93,4,161,205,125,0,23.6,2,57.90%,38,0
109,18,32fe58rlsvv1h3qthbhol08yy,481846,1112,25,Centre Forward,Anthony,Novak,A. Novak,Forge,c2pdzdl3dgf5b0siidn2ay5ii,15377,6lkj3o21cr4g7bql6tb3fk222,Canadian Premier League (Canada),10,4,3,13,11,2,3,2,5,1,0,0,0,0,6,0,6,0,2,0,3,3,7,9,73,11,247,46,117,3.46,6,3,2.61,7,5,2,12,14,34,7,2,61,12,0,0,456,127,3,7,1,20,76.90%,9,5,28,6,0,5,3,1,15,2,0,0,0,0,0,0,7,7,0,0,0,0,0,0,0,0,0,0,0,0,0,0,0,0,0,0,0,4,16,12,35,253,21,182,58,17.00%,66.00%,85,74,4,7,119,1,11.6,3,25.60%,86,0
33,24,58elvwym7gnql18liaoa6zo16,481627,1727,24,Central Midfielder,Ajay,Khabra,A. Khabra,Edmonton,73xrv2025rnj0t3y9ayp83bec,6925,6lkj3o21cr4g7bql6tb3fk222,Canadian Premier League (Canada),16,3,0,1,1,0,4,6,9,4,0,0,0,0,0,0,0,0,3,0,0,0,0,7,85,36,954,391,442,1.02,0,0,1.29,0,2,2,5,7,15,1,0,101,10,0,0,1208,90,13,27,15,58,72.70%,1,0,112,7,3,17,7,6,24,0,0,0,0,0,0,0,25,22,3,0,0,0,0,0,0,0,0,0,0,0,0,0,0,0,0,0,0,0,29,0,23,228,209,771,20,27.30%,87.30%,577,117,139,160,647,0,15.3,15,46.30%,41,0
165,0,ev5vju1zs37klpdmj5s8zive2,487541,0,19,Sub - Goalkeeper,Svyatik,Artemenko,S. Artemenko,Valour,dd2vf0yzjm7jm7cak9tf11sa2,15378,6lkj3o21cr4g7bql6tb3fk222,Canadian Premier League (Canada),0,0,0,0,0,0,0,0,0,0,0,0,0,0,0,0,0,0,0,0,0,0,0,0,0,0,0,0,0,0,0,0,0,0,0,0,0,0,0,0,0,0,0,0,0,0,0,0,0,0,0,-,0,0,0,0,0,0,0,0,0,0,0,0,0,0,0,0,0,0,0,0,0,0,0,0,0,0,0,0,0,0,0,0,0,0,0,0,0,0,0,0,0,0,0,0,0,-,-,0,0,0,0,0,0,0,0,-,0,0
133,11,1bkqn5mbepc2i02kefcgdgiy1,243972,320,24,Central Midfielder,Carlos,Patiño,C. Patiño,Cavalry,41ewt71n8fqwy6trsqta1bjvu,15381,6lkj3o21cr4g7bql6tb3fk222,Canadian Premier League (Canada),2,8,0,2,1,1,0,1,1,1,0,0,1,0,0,0,0,0,0,0,0,0,0,3,19,1,122,34,68,0.82,0,1,0.28,1,0,2,3,5,15,0,0,32,8,0,0,238,31,3,6,5,15,75.00%,1,0,33,5,1,6,3,2,8,0,0,0,0,0,0,0,3,2,1,0,0,0,0,0,0,0,0,0,0,0,0,0,0,0,0,0,0,0,4,6,9,113,20,105,7,31.10%,83.60%,56,39,7,8,66,0,16.5,3,33.30%,6,0
25,21,1yufrkhruoxnyg54sxgduilt5,423654,1798,23,Right Back,Jeannot,Esua,J. Esua,Edmonton,73xrv2025rnj0t3y9ayp83bec,6925,6lkj3o21cr4g7bql6tb3fk222,Canadian Premier League (Canada),1,1,0,1,1,0,2,0,4,3,0,0,0,0,0,0,0,0,1,1,0,0,0,3,134,62,760,321,243,0.47,0,2,1.87,0,3,3,12,15,52,0,0,108,29,0,0,1327,66,5,18,33,102,76.70%,40,19,128,6,10,4,3,12,5,5,0,0,0,1,0,0,20,17,3,0,0,0,0,0,0,0,0,0,0,0,0,0,0,0,0,0,1,2,32,18,12,319,437,571,18,40.00%,74.20%,317,87,160,254,401,1,20,7,67.90%,56,0
40,22,882vd5rnobx3xba2sb99k49gp,421823,1731,19,Central Midfielder,Alessandro,Hojabrpour,A. Hojabrpour,Pacific,b3436h8h14zw7f1uv6w9vqf6y,15380,6lkj3o21cr4g7bql6tb3fk222,Canadian Premier League (Canada),4,2,0,2,1,1,2,3,6,2,0,0,0,0,0,0,0,0,2,1,0,0,1,3,96,38,907,469,304,0.92,0,0,0.89,1,1,2,10,12,12,0,0,100,7,3,1,1160,88,21,38,20,121,67.80%,41,17,98,5,2,21,1,8,7,1,0,0,0,0,0,0,31,27,4,0,0,0,0,0,0,0,0,0,0,0,0,0,0,0,0,0,0,4,61,4,10,100,362,698,8,31.60%,85.20%,516,52,205,237,601,0,19.1,28,48.70%,39,0
161,1,1w17tn6ss40z0rhlkaws2uq96,493479,38,17,Left Back,Oluwaseun,Oyegunle,O.Oyegunle,Forge,c2pdzdl3dgf5b0siidn2ay5ii,15377,6lkj3o21cr4g7bql6tb3fk222,Canadian Premier League (Canada),0,1,0,0,0,0,0,0,0,0,0,0,0,0,0,0,0,0,0,0,0,0,0,0,3,0,7,3,1,0,0,0,0,0,0,0,0,0,0,0,0,2,0,0,0,22,1,1,0,1,3,100.00%,1,1,0,1,0,0,0,1,0,0,0,0,0,0,0,0,3,2,1,0,0,0,0,0,0,0,0,0,0,0,0,0,0,0,0,0,0,0,2,0,0,4,9,9,0,42.90%,57.10%,1,0,3,3,4,0,18.8,0,0.00%,1,0
124,20,205x3957n6t49iwmb5ztce25m,481579,999,18,Centre Forward,Tyler,Attardo,T. Attardo,Valour,dd2vf0yzjm7jm7cak9tf11sa2,15378,6lkj3o21cr4g7bql6tb3fk222,Canadian Premier League (Canada),6,10,1,11,9,2,5,0,9,0,0,0,0,0,6,0,4,3,3,4,0,3,3,10,50,9,154,30,65,4.35,6,0,0.71,7,1,2,5,7,21,1,0,42,4,0,0,314,91,6,6,5,26,50.00%,6,5,36,3,0,4,4,0,3,10,0,0,0,0,0,0,20,18,2,0,0,0,0,0,0,0,0,0,0,0,0,0,0,0,0,0,0,0,35,6,15,160,58,96,41,29.90%,61.70%,41,39,15,20,66,0,15.9,12,31.30%,64,0
78,18,ch0vd8g5cgce7fsamp5nwjbp,226900,1136,24,Centre Attacking Midfielder,Dylan,Sacramento,D. Sacramento,Valour,dd2vf0yzjm7jm7cak9tf11sa2,15378,6lkj3o21cr4g7bql6tb3fk222,Canadian Premier League (Canada),8,6,0,6,3,3,1,4,14,9,0,0,1,0,0,1,1,0,0,0,0,1,3,17,102,28,467,130,207,1.47,1,1,0.71,1,1,0,16,16,35,6,1,71,13,3,1,716,92,10,19,11,51,65.90%,10,6,75,9,3,10,6,3,12,1,0,0,0,0,0,0,19,16,3,0,0,0,0,0,0,0,0,0,0,0,0,0,0,0,0,0,0,0,38,8,16,235,85,396,23,34.70%,72.20%,212,93,32,48,288,0,15.3,15,24.20%,33,0
6,25,653qyopyxl1qrfmul2n3m5g16,481743,2250,25,Right Back,Morey,Doner,M. Doner,York9,cqthcpums3aas2tdy0qhlkuwa,15382,6lkj3o21cr4g7bql6tb3fk222,Canadian Premier League (Canada),0,0,0,1,1,0,1,0,1,1,0,0,0,0,1,0,1,0,0,0,0,1,0,2,133,74,1045,460,378,0.15,1,4,2.36,0,4,1,15,16,62,3,1,145,34,0,0,1715,94,13,27,32,119,74.10%,35,18,155,5,8,9,7,9,20,2,0,0,1,0,0,0,32,23,9,0,0,0,0,0,0,0,0,0,0,0,0,0,0,0,0,0,0,3,36,20,17,398,544,773,16,34.40%,80.20%,464,144,230,302,557,1,16.7,14,60.30%,63,0
48,25,8ad2vcq9xcul0kkfms8qo0wk5,183434,1760,23,Central Midfielder,Alexander,Achinioti-Jönsson,A. Achinioti-Jönsson,Forge,c2pdzdl3dgf5b0siidn2ay5ii,15377,6lkj3o21cr4g7bql6tb3fk222,Canadian Premier League (Canada),4,5,0,1,1,0,0,0,4,3,0,0,0,0,0,0,0,0,0,1,0,0,0,4,102,51,848,409,286,0.75,0,2,1.17,1,2,2,4,6,24,1,1,126,19,1,1,1099,78,13,30,43,122,72.90%,36,15,110,8,0,21,2,14,19,0,0,0,0,0,0,0,15,13,2,0,0,0,0,0,0,0,0,0,0,0,0,0,0,0,0,0,0,0,28,2,5,95,278,726,7,27.60%,82.00%,496,62,137,172,601,0,18.5,16,54.40%,57,0
69,22,cdaayu6d9xzn4gyn5jg5p6vl6,481567,1979,26,Goalkeeper,Triston,Henry,T. Henry,Forge,c2pdzdl3dgf5b0siidn2ay5ii,15377,6lkj3o21cr4g7bql6tb3fk222,Canadian Premier League (Canada),0,0,0,0,0,0,0,0,0,0,0,0,0,0,0,0,0,0,0,0,0,0,0,0,142,39,616,382,53,0,0,0,0,0,0,0,0,0,1,0,0,15,1,0,0,825,2,0,0,0,13,-,13,1,27,0,1,0,0,8,0,0,9,9,0,0,5,14,17,14,3,0,56,1,1,23,34,2,2,50,30,26,9,21,1,11,10,0,0,3,30,0,1,0,820,5,0,54.40%,70.60%,5,0,430,611,5,0,31.7,0,100.00%,10,21.14
134,10,c3dbx4f32gv1kiryun9dysv3e,160006,566,24,Centre Forward,Ajeej,Sarkaria,A. Sarkaria,Edmonton,73xrv2025rnj0t3y9ayp83bec,6925,6lkj3o21cr4g7bql6tb3fk222,Canadian Premier League (Canada),6,2,0,2,1,1,2,0,2,0,0,0,0,0,0,0,0,0,2,0,0,0,0,2,31,4,146,47,64,0.9,0,1,0.4,1,1,0,2,2,3,0,0,25,3,0,0,224,33,3,10,3,19,72.20%,3,0,33,0,2,6,1,2,3,2,0,0,0,0,0,0,10,10,0,0,0,0,0,0,0,0,0,0,0,0,0,0,0,0,0,0,0,1,12,0,13,79,36,109,14,19.90%,76.00%,63,38,10,12,79,0,12.6,5,30.00%,10,0
8,27,7w93cfaszi89ex6xdf9tgkp9l,199141,2429,24,Left Centre Back,Mélé,Temguia,M. Temguia,Edmonton,73xrv2025rnj0t3y9ayp83bec,6925,6lkj3o21cr4g7bql6tb3fk222,Canadian Premier League (Canada),0,0,0,5,5,0,2,0,5,0,0,0,0,0,2,0,0,0,3,1,0,2,1,5,159,98,1297,808,232,2.41,2,0,0.6,3,1,0,4,4,16,0,0,140,7,0,0,1680,104,20,41,51,197,72.60%,82,36,147,10,15,15,2,17,10,0,0,0,0,1,0,0,30,27,3,0,0,0,0,0,0,0,0,0,0,0,0,0,0,0,0,0,0,3,47,6,15,59,1032,589,25,43.60%,80.20%,400,11,629,772,502,0,21.6,23,63.80%,69,0
36,24,dvm23d66qze0kmrzxft68a0ru,483640,2094,25,Left Centre Back,Matthew,Arnone,M. Arnone,HFX Wanderers,5gmx3o5y2oc0i6rowjwtu7jvu,15376,6lkj3o21cr4g7bql6tb3fk222,Canadian Premier League (Canada),3,0,1,3,3,0,0,0,8,1,0,0,0,0,2,0,0,1,5,2,0,0,1,2,108,86,905,536,175,2.1,2,0,0.22,2,0,0,6,6,5,0,0,106,2,0,0,1181,64,11,20,49,179,68.90%,99,50,112,2,6,10,1,9,6,0,0,0,0,1,0,0,30,24,6,0,0,0,0,0,0,0,0,0,0,0,0,0,0,0,0,0,0,3,36,2,4,34,740,407,18,51.00%,78.60%,267,8,436,535,357,0,19.5,14,67.00%,91,0
96,18,6r8emgp7oeom6yyibdb4g77c9,227780,998,22,Right Attacking Midfielder,David,Choinière,D. Choinière,Forge,c2pdzdl3dgf5b0siidn2ay5ii,15377,6lkj3o21cr4g7bql6tb3fk222,Canadian Premier League (Canada),7,7,2,8,8,0,2,3,7,2,1,0,0,0,2,0,2,0,0,0,0,2,5,10,60,7,363,81,215,4.97,2,2,1.58,8,2,1,9,10,25,4,1,63,12,2,2,590,90,10,14,3,28,51.10%,1,0,84,5,3,7,7,2,18,0,0,0,0,0,0,0,13,11,2,0,0,0,0,0,0,0,0,0,0,0,0,0,0,0,0,0,0,1,17,2,35,301,57,232,42,27.30%,81.50%,132,136,28,31,159,0,15.1,23,0.00%,5,0
163,1,6tx4ta4mg0qdu5a8v11jqf2wa,493478,14,24,Central Midfielder,Justin,Stoddart,J.Stoddart,Forge,c2pdzdl3dgf5b0siidn2ay5ii,15377,6lkj3o21cr4g7bql6tb3fk222,Canadian Premier League (Canada),0,1,0,0,0,0,0,0,0,0,0,0,0,0,0,0,0,0,0,0,0,0,0,0,2,0,6,1,3,0,0,0,0,0,0,0,0,0,0,0,0,2,0,0,0,10,3,1,1,0,3,66.70%,1,0,1,0,0,0,0,0,0,0,0,0,0,0,0,0,0,0,0,0,0,0,0,0,0,0,0,0,0,0,0,0,0,0,0,0,0,0,2,0,1,5,2,3,0,50.00%,66.70%,3,1,0,0,3,0,13.3,1,0.00%,1,0
22,23,57sscey83fcglkmcrtpp28k5,90727,2010,30,Central Midfielder,Ramón,Soria,Soria,Edmonton,73xrv2025rnj0t3y9ayp83bec,6925,6lkj3o21cr4g7bql6tb3fk222,Canadian Premier League (Canada),0,1,0,4,2,2,0,0,8,6,0,0,3,1,0,1,0,0,0,2,1,0,8,2,194,65,1081,423,399,0.76,1,3,2.86,1,4,16,13,29,7,0,0,79,4,1,0,1390,66,14,24,32,98,74.50%,26,12,146,3,1,14,1,1,8,1,0,0,0,1,0,0,23,20,3,0,0,0,0,0,0,0,0,0,0,0,0,0,0,0,0,0,0,3,36,4,13,234,324,832,9,37.80%,76.00%,547,89,186,236,725,0,20.3,13,55.80%,52,0
81,16,6qm5qftpaq8l38b3irrum4bqi,425633,943,20,Right Back,Raphaël,Garcia,R. Garcia,Valour,dd2vf0yzjm7jm7cak9tf11sa2,15378,6lkj3o21cr4g7bql6tb3fk222,Canadian Premier League (Canada),6,6,0,1,0,1,1,1,0,0,0,0,0,0,0,0,0,0,0,0,0,0,0,1,61,27,387,155,144,0.13,0,2,1.31,0,1,1,8,9,14,1,1,77,5,0,0,675,60,19,36,9,88,73.30%,20,9,44,3,7,6,0,2,6,1,0,0,0,0,0,0,21,21,0,0,0,0,0,0,0,0,0,0,0,0,0,0,0,0,0,0,0,2,35,4,6,139,210,326,11,42.60%,77.30%,171,55,73,101,217,1,16.7,20,45.00%,20,0
57,28,3hebpt7rddccp0powpyfwri7d,243961,2334,21,Centre Forward,Terran,Campbell,T. Campbell,Pacific,b3436h8h14zw7f1uv6w9vqf6y,15380,6lkj3o21cr4g7bql6tb3fk222,Canadian Premier League (Canada),11,1,3,23,18,5,4,2,24,13,2,1,3,0,10,1,8,4,1,5,6,1,36,5,114,16,569,140,299,8.88,11,2,2.91,12,3,1,30,31,45,3,3,118,26,3,2,960,206,14,25,9,52,68.40%,4,4,81,15,2,12,8,2,11,10,0,0,0,0,0,0,44,39,5,0,0,0,0,0,0,0,0,0,0,0,0,0,0,0,0,0,0,0,69,4,52,439,72,449,77,20.00%,77.20%,242,170,27,35,296,2,13.5,18,26.60%,124,0
165,0,64kd3jci1efqx4biwrclbt2sq,493957,0,17,Sub - Goalkeeper,Sachdev,Grewal,S. Grewal,Pacific,b3436h8h14zw7f1uv6w9vqf6y,15380,6lkj3o21cr4g7bql6tb3fk222,Canadian Premier League (Canada),0,0,0,0,0,0,0,0,0,0,0,0,0,0,0,0,0,0,0,0,0,0,0,0,0,0,0,0,0,0,0,0,0,0,0,0,0,0,0,0,0,0,0,0,0,0,0,0,0,0,0,-,0,0,0,0,0,0,0,0,0,0,0,0,0,0,0,0,0,0,0,0,0,0,0,0,0,0,0,0,0,0,0,0,0,0,0,0,0,0,0,0,0,0,0,0,0,-,-,0,0,0,0,0,0,0,0,-,0,0
74,20,86tz9u1o9o5u0lbyycyd3df4l,37057,1317,34,Central Midfielder,Nikolas,Ledgerwood,N. Ledgerwood,Cavalry,41ewt71n8fqwy6trsqta1bjvu,15381,6lkj3o21cr4g7bql6tb3fk222,Canadian Premier League (Canada),9,5,2,9,5,4,1,3,8,6,2,2,0,0,3,0,1,0,0,1,0,3,5,11,151,33,511,172,155,2.85,3,0,1.56,4,2,8,6,14,7,1,1,86,3,0,0,765,79,17,25,22,78,67.70%,12,4,114,7,6,16,2,6,17,3,0,0,0,0,0,0,9,9,0,0,0,0,0,0,0,0,0,0,0,0,0,0,0,0,0,0,0,4,21,0,12,201,168,396,18,51.30%,64.00%,203,54,70,109,313,0,21,20,51.60%,31,0
70,26,7via58t85qafc6nm6ndt3cut,42820,1961,30,Centre Forward,Dominique,Malonga,D. Malonga,Cavalry,41ewt71n8fqwy6trsqta1bjvu,15381,6lkj3o21cr4g7bql6tb3fk222,Canadian Premier League (Canada),12,3,3,34,29,5,7,3,26,5,2,1,0,0,10,1,10,1,8,3,0,9,4,44,81,12,506,129,284,15.56,11,1,3.55,27,5,2,17,19,21,4,2,90,9,1,0,788,116,1,1,2,17,25.00%,13,8,51,6,0,5,13,3,18,16,0,0,0,0,0,0,17,14,3,0,0,0,0,0,0,0,0,0,0,0,0,0,0,0,0,0,0,1,25,2,36,397,38,353,103,20.40%,81.60%,230,171,12,17,273,0,13.1,6,46.10%,102,0
28,26,9bu481g5htyonfco9whsamve2,483062,1988,29,Left Midfielder,Mohamed,Kourouma,M. Kourouma,HFX Wanderers,5gmx3o5y2oc0i6rowjwtu7jvu,15376,6lkj3o21cr4g7bql6tb3fk222,Canadian Premier League (Canada),8,4,1,17,6,11,9,10,32,24,1,1,9,0,1,0,0,0,0,0,1,0,45,4,161,64,702,208,269,4.2,1,3,6.82,2,13,24,20,44,50,3,0,123,18,3,2,1285,141,16,40,17,86,66.70%,10,5,169,3,4,15,6,4,19,4,0,0,0,0,0,0,23,17,6,0,0,0,0,0,0,0,0,0,0,0,0,0,0,0,0,0,0,0,33,12,37,577,201,507,54,34.50%,67.90%,246,159,72,119,354,0,17.8,28,41.50%,53,0
19,25,7t6lyj5pvvgzfscj775acuqc5,173165,2249,23,Centre Attacking Midfielder,Marco,Bustos,M. Bustos,Valour,dd2vf0yzjm7jm7cak9tf11sa2,15378,6lkj3o21cr4g7bql6tb3fk222,Canadian Premier League (Canada),1,0,1,27,16,11,7,10,17,11,2,2,2,0,6,1,4,0,0,0,7,0,40,4,130,21,912,228,533,6.7,7,3,4.29,7,4,16,27,43,95,7,4,144,54,1,0,1417,155,3,19,12,37,44.90%,3,1,105,6,3,15,20,4,33,5,0,0,0,0,0,0,48,44,4,1,0,0,0,0,0,0,0,0,0,0,0,0,0,0,0,0,0,3,84,16,50,673,95,649,75,23.00%,83.40%,409,305,47,60,476,1,16.3,27,32.40%,34,0
156,1,a3815jt4jm67twni0rvxb9l62,481741,90,27,Goalkeeper,Colm,Vance,C. Vance,York9,cqthcpums3aas2tdy0qhlkuwa,15382,6lkj3o21cr4g7bql6tb3fk222,Canadian Premier League (Canada),0,0,0,0,0,0,0,0,0,0,0,0,0,0,0,0,0,0,0,0,0,0,0,0,5,1,22,12,4,0,0,0,0.04,0,0,0,1,1,0,0,0,1,0,0,0,42,0,0,0,0,1,-,1,0,1,0,0,0,0,0,0,0,0,0,0,0,0,3,2,1,1,0,4,0,0,0,3,1,0,3,3,1,1,3,0,0,1,0,0,0,1,0,0,0,42,0,0,63.60%,72.70%,0,0,16,22,0,0,33.3,0,100.00%,1,0.9
130,13,1mg5xen2me6dsqu3b0lktvnbp,81402,703,30,Centre Forward,Marcus,Haber,M. Haber,Pacific,b3436h8h14zw7f1uv6w9vqf6y,15380,6lkj3o21cr4g7bql6tb3fk222,Canadian Premier League (Canada),1,7,1,6,6,0,0,0,13,0,1,1,0,0,3,0,0,2,8,4,0,1,0,7,59,13,177,38,67,4.19,3,0,1.36,6,1,1,8,9,1,0,0,75,0,0,0,264,53,0,2,1,10,66.70%,7,6,21,9,0,5,4,0,6,9,0,0,0,0,0,0,13,10,3,1,0,0,0,0,0,0,0,0,0,0,0,0,0,0,0,0,0,0,22,2,9,132,18,114,36,21.50%,59.30%,59,43,3,9,92,0,12.7,1,68.10%,94,0
110,10,ewbf6v0sbw5mtcdt7zs2vq5ed,222983,533,26,Central Midfielder,Mauro,Eustaquio,M. Eustaquio,Cavalry,41ewt71n8fqwy6trsqta1bjvu,15381,6lkj3o21cr4g7bql6tb3fk222,Canadian Premier League (Canada),0,5,0,1,0,1,0,1,1,1,0,0,0,0,0,0,0,0,0,0,0,0,1,1,59,27,361,161,114,0.09,0,0,0.34,0,1,1,1,2,5,0,0,43,2,0,0,454,50,5,11,11,38,55.20%,9,5,41,1,6,9,0,2,9,0,0,0,0,0,0,0,6,4,2,0,0,0,0,0,0,0,0,0,0,0,0,0,0,0,0,0,1,2,6,0,7,45,121,288,0,36.00%,76.20%,187,18,70,89,247,0,21.4,13,53.60%,28,0
38,19,79pboh9mzuchik3r2027wntgp,233807,1650,24,Right Centre Back,Amer,Didic,A. Didic,Edmonton,73xrv2025rnj0t3y9ayp83bec,6925,6lkj3o21cr4g7bql6tb3fk222,Canadian Premier League (Canada),1,0,0,10,8,2,1,1,11,0,0,0,1,0,0,0,0,0,10,6,0,0,3,2,103,64,923,551,205,1.82,0,3,2.02,2,2,14,2,16,5,1,0,105,3,0,0,1171,47,9,20,25,163,82.90%,109,51,92,5,7,9,0,2,1,2,0,0,0,0,0,0,25,21,4,0,0,0,0,0,0,0,0,0,0,0,0,0,0,0,0,0,0,3,33,2,1,67,732,372,48,38.60%,81.90%,289,18,449,534,349,0,23,6,75.50%,94,0
75,24,26zoncn0ilfvg5gwn91dkqmt,481764,2082,23,Centre Forward,Akeem,Garcia,A. Garcia,HFX Wanderers,5gmx3o5y2oc0i6rowjwtu7jvu,15376,6lkj3o21cr4g7bql6tb3fk222,Canadian Premier League (Canada),4,1,1,23,22,1,3,1,12,4,0,0,0,0,6,1,5,0,0,1,3,4,6,28,62,19,399,111,207,6.62,7,0,1.3,14,2,0,15,15,55,11,5,106,29,1,1,764,145,7,16,2,32,62.20%,5,1,94,18,2,15,15,8,21,15,0,0,0,0,0,0,24,19,5,1,0,0,0,0,0,0,0,0,0,0,0,0,0,0,0,0,0,2,38,10,46,354,73,337,84,24.80%,79.70%,166,124,28,36,200,2,13.5,14,20.80%,48,0
64,22,al5jt5ntx6alvfvo3tq1py6i2,483414,1285,21,Right Back,Zachary,Verhoven,Z. Verhoven,Pacific,b3436h8h14zw7f1uv6w9vqf6y,15380,6lkj3o21cr4g7bql6tb3fk222,Canadian Premier League (Canada),3,10,1,9,5,4,5,3,13,4,0,0,0,0,1,1,2,0,0,0,0,2,5,17,86,28,381,119,148,2.97,2,2,3.7,4,6,4,16,20,112,13,7,137,62,0,0,897,128,13,32,20,94,62.50%,27,15,91,8,6,12,11,3,10,3,0,0,0,0,0,0,24,22,2,1,0,0,0,0,0,0,0,0,0,0,0,0,0,0,0,0,0,1,49,30,31,370,205,322,65,47.80%,70.10%,151,63,53,87,191,1,17.3,27,36.80%,19,0
158,4,a08wozw4vdsqlib77c1dqdt2i,425642,88,20,Centre Forward,Vincent,Lamy,V. Lamy,HFX Wanderers,5gmx3o5y2oc0i6rowjwtu7jvu,15376,6lkj3o21cr4g7bql6tb3fk222,Canadian Premier League (Canada),1,3,0,0,0,0,1,1,0,0,0,0,0,0,0,0,0,0,0,0,0,0,0,0,5,0,24,6,13,0.12,0,0,0,0,0,0,0,0,1,0,0,7,0,0,0,41,11,1,2,1,4,60.00%,0,0,5,0,0,0,2,0,0,0,0,0,0,0,0,0,1,1,0,0,0,0,0,0,0,0,0,0,0,0,0,0,0,0,0,0,0,0,3,0,2,17,3,21,2,20.80%,79.20%,14,4,1,1,17,0,12.1,2,25.00%,8,0
51,28,58s8ekic6fia8tm70kelw91p1,137478,1958,27,Centre Forward,Rodrigo,Gattas,R. Gattas,York9,cqthcpums3aas2tdy0qhlkuwa,15382,6lkj3o21cr4g7bql6tb3fk222,Canadian Premier League (Canada),8,6,2,36,26,10,7,9,25,10,4,2,1,0,8,1,7,2,2,8,4,2,42,8,135,38,728,204,351,9.19,9,0,1.99,12,3,1,22,23,34,4,1,95,18,1,1,1072,119,4,13,13,39,44.70%,9,7,87,9,4,11,5,3,13,16,0,0,0,0,0,0,28,21,7,1,0,0,0,0,0,0,0,0,0,0,0,0,0,0,0,0,0,2,35,2,23,412,64,596,86,18.10%,76.20%,371,157,27,39,481,0,18.9,21,50.00%,80,0
127,8,9j37dmdxamf5ykbw9l24wlt6,483639,330,18,Central Midfielder,Ahmed,Alghamdi,A. Alghamdi,Pacific,b3436h8h14zw7f1uv6w9vqf6y,15380,6lkj3o21cr4g7bql6tb3fk222,Canadian Premier League (Canada),4,4,0,4,1,3,0,3,3,2,0,0,0,0,0,1,1,0,0,0,0,1,0,7,26,9,221,88,98,0.34,1,0,0.06,0,0,0,2,2,15,1,1,21,9,0,0,285,23,2,7,1,13,75.00%,3,1,13,0,1,3,0,0,2,0,0,0,0,0,0,0,9,9,0,0,0,0,0,0,0,0,0,0,0,0,0,0,0,0,0,0,0,0,18,0,5,69,57,159,5,32.10%,84.20%,122,30,34,39,143,0,14.7,3,16.70%,6,0
147,9,76efh9x1zkbrnhtn6k2bwtvu2,433496,292,21,Centre Forward,Cyrus,Rollocks,C. Rollocks,York9,cqthcpums3aas2tdy0qhlkuwa,15382,6lkj3o21cr4g7bql6tb3fk222,Canadian Premier League (Canada),2,6,0,0,0,0,1,0,5,2,0,0,0,0,0,0,0,0,0,0,0,0,5,0,16,5,44,12,11,0.58,0,0,0.83,1,1,0,4,4,8,0,0,12,1,0,0,115,34,1,2,4,8,30.00%,1,1,9,2,0,3,1,0,5,1,0,0,0,0,0,0,5,3,2,0,0,0,0,0,0,0,0,0,0,0,0,0,0,0,0,0,0,0,7,2,8,55,7,53,12,38.60%,52.30%,17,4,2,3,33,0,15.3,7,18.20%,11,0
117,19,zrowi3rzq9fndgtn1qozene1,421828,652,19,Centre Forward,José,Hernández,J. Hernández,Pacific,b3436h8h14zw7f1uv6w9vqf6y,15380,6lkj3o21cr4g7bql6tb3fk222,Canadian Premier League (Canada),5,13,0,7,5,2,6,2,4,1,0,0,0,0,1,0,1,1,2,3,0,0,1,5,33,10,192,53,96,1.84,1,2,1.39,2,2,0,6,6,25,6,1,62,9,0,0,382,98,5,17,5,32,57.90%,4,3,39,10,5,9,5,6,8,6,0,0,0,0,0,0,11,9,2,0,0,0,0,0,0,0,0,0,0,0,0,0,0,0,0,0,0,2,20,8,25,172,64,146,30,21.40%,77.60%,70,62,17,25,89,0,12.9,16,31.60%,38,0
62,18,ddyudctrqh7j4vqoofwg0oull,232384,1275,20,Right Back,Malyk,Hamilton,M. Hamilton,Cavalry,41ewt71n8fqwy6trsqta1bjvu,15381,6lkj3o21cr4g7bql6tb3fk222,Canadian Premier League (Canada),3,4,0,1,1,0,2,0,3,2,0,0,0,0,0,0,0,0,0,0,0,0,0,4,62,28,604,295,219,0.55,0,2,0.73,1,1,2,6,8,26,1,0,64,14,0,0,922,57,12,19,8,57,63.30%,12,7,82,2,2,9,3,7,2,4,0,0,0,0,0,0,12,9,3,0,0,0,0,0,0,0,0,0,0,0,0,0,0,0,0,0,0,1,14,6,14,215,320,387,17,35.40%,85.10%,246,103,165,193,284,0,16.4,18,70.00%,10,0
113,17,4vhdwaliha28vptlj0onscfe1,243854,841,24,Right Attacking Midfielder,Zachary,Sukunda,Z. Sukunda,HFX Wanderers,5gmx3o5y2oc0i6rowjwtu7jvu,15376,6lkj3o21cr4g7bql6tb3fk222,Canadian Premier League (Canada),7,7,0,2,1,1,0,2,3,1,0,0,0,0,0,0,0,0,0,0,0,0,3,2,41,17,253,85,110,0.27,0,0,0.28,0,0,0,6,6,12,0,0,31,9,0,0,400,47,2,7,7,27,60.00%,11,6,39,3,1,5,1,0,9,1,0,0,0,0,0,0,16,14,2,0,0,0,0,0,0,0,0,0,0,0,0,0,0,0,0,0,0,0,12,2,20,126,69,205,9,29.60%,77.10%,110,60,25,39,138,0,15.7,6,33.30%,15,0
118,8,92cutl9629yad2jm1srr6rzzd,421830,720,19,Left Centre Back,Yohan,Le Bourhis,Y. Le Bourhis,Valour,dd2vf0yzjm7jm7cak9tf11sa2,15378,6lkj3o21cr4g7bql6tb3fk222,Canadian Premier League (Canada),0,0,0,1,1,0,0,0,1,0,0,0,0,0,0,0,0,0,1,1,0,0,0,0,48,37,250,116,49,0.3,0,0,0,1,0,0,0,0,1,0,0,29,1,0,0,361,32,3,9,5,60,80.00%,41,20,30,0,4,5,0,1,1,0,0,0,1,0,0,0,20,19,1,0,0,0,0,0,0,0,0,0,0,0,0,0,0,0,0,0,0,0,34,0,4,7,223,131,3,52.80%,66.00%,73,1,91,137,110,0,22.5,3,45.20%,31,0
45,22,9sqefuu2tn9n1efnv2q56ay1h,202345,1894,26,Right Centre Back,Skylar,Thomas,S. Thomas,Valour,dd2vf0yzjm7jm7cak9tf11sa2,15378,6lkj3o21cr4g7bql6tb3fk222,Canadian Premier League (Canada),1,1,0,3,3,0,2,0,9,0,0,0,0,0,0,0,0,0,7,2,0,0,2,1,126,60,855,484,185,0.93,0,1,1.49,0,3,3,5,8,4,0,0,113,4,0,0,1119,74,13,24,23,164,77.10%,102,46,100,4,9,11,1,5,1,1,0,0,0,1,0,0,34,30,4,1,0,0,0,0,0,0,0,0,0,0,0,0,0,0,0,0,0,5,54,0,8,43,667,409,22,46.70%,78.20%,288,14,367,465,369,0,21.3,11,64.40%,101,0
79,21,8qfl6f1hxzl6w4hcyxkv97sru,483063,1389,21,Centre Forward,Tomasz,Skublak,T. Skublak,HFX Wanderers,5gmx3o5y2oc0i6rowjwtu7jvu,15376,6lkj3o21cr4g7bql6tb3fk222,Canadian Premier League (Canada),4,6,0,13,11,2,6,2,16,6,0,0,0,0,1,0,1,0,7,1,0,1,1,20,107,12,400,99,182,4.78,1,1,1.48,8,1,1,19,20,51,8,5,142,27,0,0,698,132,5,13,10,39,72.00%,11,10,44,17,0,15,11,2,28,11,0,0,0,0,0,0,21,20,1,0,0,0,0,0,0,0,0,0,0,0,0,0,0,0,0,0,0,4,23,12,31,296,38,364,74,25.80%,70.30%,162,109,10,14,228,0,14.5,7,56.80%,111,0
15,20,2rv2jwanai39vawrmnws6vidx,231697,1746,24,Central Midfielder,Alexander,Gonzalez Moreno,A. Gonzalez,Pacific,b3436h8h14zw7f1uv6w9vqf6y,15380,6lkj3o21cr4g7bql6tb3fk222,Canadian Premier League (Canada),3,0,0,4,1,3,0,1,10,10,0,0,0,0,0,0,0,0,0,0,0,0,4,10,118,57,1251,664,412,1.14,0,2,1.21,1,3,0,8,8,29,0,0,117,24,1,0,1499,99,18,29,21,83,66.20%,15,6,163,5,11,18,2,11,18,0,0,0,0,0,0,0,32,28,4,0,0,0,0,0,0,0,0,0,0,0,0,0,0,0,0,0,1,4,51,2,20,136,464,899,3,31.50%,86.00%,673,57,346,393,775,0,17.6,24,44.70%,38,0
93,18,999aky7w22iv11ny6d6w57g4q,481765,1489,23,Goalkeeper,Christian,Oxner,C. Oxner,HFX Wanderers,5gmx3o5y2oc0i6rowjwtu7jvu,15376,6lkj3o21cr4g7bql6tb3fk222,Canadian Premier League (Canada),0,2,0,0,0,0,0,0,0,0,0,0,0,0,0,0,0,0,0,0,0,0,0,0,132,37,397,176,52,0,0,0,0.05,0,0,0,1,1,0,0,0,10,0,0,0,595,5,0,0,1,8,0.00%,7,1,9,0,2,0,0,2,0,0,6,15,0,1,3,10,16,14,2,0,43,0,1,14,21,4,0,38,30,13,10,18,1,12,9,0,0,2,28,0,0,0,595,0,0,69.80%,57.40%,0,0,228,397,0,0,36.3,1,81.80%,11,17.84
144,3,1bujk463ltexilqfs1lhy9wwl,68500,255,34,Central Midfielder,Josip,Golubar,J. Golubar,Valour,dd2vf0yzjm7jm7cak9tf11sa2,15378,6lkj3o21cr4g7bql6tb3fk222,Canadian Premier League (Canada),1,0,0,1,0,1,1,0,0,0,0,0,0,0,0,0,0,0,0,0,0,0,1,0,20,4,110,37,49,0.1,0,0,0.96,0,2,0,3,3,5,1,0,12,4,0,0,142,19,2,2,1,6,66.70%,1,1,15,1,1,6,1,0,2,0,0,0,0,0,0,0,3,3,0,0,0,0,0,0,0,0,0,0,0,0,0,0,0,0,0,0,0,0,4,0,4,41,12,89,7,29.10%,78.20%,56,22,8,9,72,0,12.2,2,20.00%,5,0
85,19,2182gm4uwq97qv5c65jfes5hx,195296,1240,27,Right Midfielder,Juan Diego,Gutiérrez,J. Gutiérrez,HFX Wanderers,5gmx3o5y2oc0i6rowjwtu7jvu,15376,6lkj3o21cr4g7bql6tb3fk222,Canadian Premier League (Canada),7,5,1,5,2,3,1,3,7,6,0,0,1,0,1,1,2,1,0,1,1,0,9,2,65,14,353,93,181,1.21,2,0,0.99,1,1,8,4,12,36,4,1,87,12,0,0,648,103,9,15,11,41,54.50%,5,3,77,9,5,10,9,5,25,4,0,0,0,0,0,0,15,11,4,0,0,0,0,0,0,0,0,0,0,0,0,0,0,0,0,0,0,3,23,10,27,245,100,303,20,37.70%,77.60%,165,78,31,39,210,0,17.8,20,44.80%,29,0
55,19,8dq7nk2ey2r8d8ltgcuqqdlyi,481756,1281,21,Left Back,Ndzemdzela,Langwa,N. Langwa,HFX Wanderers,5gmx3o5y2oc0i6rowjwtu7jvu,15376,6lkj3o21cr4g7bql6tb3fk222,Canadian Premier League (Canada),2,5,0,3,2,1,0,0,3,3,0,0,3,0,0,0,0,0,0,0,0,0,5,1,93,56,479,215,115,0.32,0,0,0.49,0,0,5,5,10,92,4,1,154,56,0,0,1000,118,18,47,14,108,69.10%,20,4,93,4,10,8,5,13,6,1,0,0,0,0,0,0,16,14,2,0,0,0,0,0,0,0,0,0,0,0,0,0,0,0,0,0,0,3,18,12,35,187,441,372,19,52.60%,68.90%,148,32,150,220,206,2,17.7,29,75.00%,12,0
103,22,bpxxztlpukizv1d2a5506ilbe,481568,1073,21,Centre Forward,Marcel,Zajac,M. Zajac,Forge,c2pdzdl3dgf5b0siidn2ay5ii,15377,6lkj3o21cr4g7bql6tb3fk222,Canadian Premier League (Canada),8,10,1,11,10,1,4,5,10,3,0,0,0,0,1,0,1,1,1,2,0,0,6,12,50,7,289,66,166,5.01,1,3,2.87,8,5,1,12,13,22,4,4,61,12,0,0,495,90,3,10,4,21,68.40%,4,2,51,7,3,5,13,1,9,7,0,0,0,0,0,0,11,9,2,0,0,0,0,0,0,0,0,0,0,0,0,0,0,0,0,0,0,3,20,4,30,275,28,192,58,15.60%,80.30%,111,113,8,11,135,0,13.6,6,28.90%,45,0
86,13,e6cd4pwmbb7lfatlo8gc8eaj9,87810,901,33,Defensive Midfielder,José Antonio,Galán Pedrosa,Galán,Valour,dd2vf0yzjm7jm7cak9tf11sa2,15378,6lkj3o21cr4g7bql6tb3fk222,Canadian Premier League (Canada),6,2,0,1,0,1,0,0,8,8,0,0,2,0,0,0,0,0,0,0,0,0,1,8,58,30,494,211,195,0.3,0,0,0.46,0,0,0,9,9,6,0,0,55,4,0,0,644,71,10,16,5,48,65.00%,15,4,68,4,8,19,0,2,16,0,0,0,0,0,0,0,21,21,0,0,0,0,0,0,0,0,0,0,0,0,0,0,0,0,0,0,0,5,39,4,11,87,155,402,0,31.80%,82.20%,282,45,79,97,339,0,16.9,14,28.00%,25,0
163,2,3mdoaxl9nv5pgiya30nqm3qi,491825,9,24,Left Attacking Midfielder,Oluwatofarati,Fakunle,O.Fakunle,Cavalry,41ewt71n8fqwy6trsqta1bjvu,15381,6lkj3o21cr4g7bql6tb3fk222,Canadian Premier League (Canada),0,2,0,0,0,0,0,0,0,0,0,0,0,0,0,0,0,0,0,0,0,0,0,0,0,0,3,1,2,0,0,0,0,0,0,0,0,0,0,0,0,0,0,0,0,10,0,0,0,0,0,-,0,0,1,0,0,0,0,0,0,0,0,0,0,0,0,0,1,1,0,0,0,0,0,0,0,0,0,0,0,0,0,0,0,0,0,0,0,0,0,0,0,3,0,7,0,33.30%,100.00%,3,0,0,0,3,0,21.1,0,-,0,0
34,22,1mcgu1zocg8bwfrncptuvfm51,90443,1891,33,Left Centre Back,Mason,Trafford,M. Trafford,Cavalry,41ewt71n8fqwy6trsqta1bjvu,15381,6lkj3o21cr4g7bql6tb3fk222,Canadian Premier League (Canada),0,1,0,3,2,1,0,0,3,0,0,0,1,0,0,0,0,0,2,1,0,0,3,0,110,61,1040,663,206,1.16,0,0,0.34,2,0,0,5,5,2,0,0,52,2,0,0,1195,43,7,5,15,86,63.20%,57,33,79,1,3,8,0,10,2,2,0,0,0,0,0,0,18,15,3,0,0,0,0,0,0,0,0,0,0,0,0,0,0,0,0,0,0,2,27,0,1,31,752,412,14,43.20%,83.60%,326,14,529,627,394,0,22.2,7,54.50%,55,0
44,20,33nqawmehcegb4mgb7rbd5ht6,481744,1551,22,Left Centre Back,Daniel,Gogarty,D. Gogarty,York9,cqthcpums3aas2tdy0qhlkuwa,15382,6lkj3o21cr4g7bql6tb3fk222,Canadian Premier League (Canada),4,3,0,0,0,0,3,0,2,0,0,0,0,0,0,0,0,0,1,0,0,0,1,0,93,66,883,537,187,1.04,0,0,0.22,1,0,0,6,6,2,0,0,62,0,0,0,1127,46,10,19,21,93,76.30%,40,13,73,1,2,9,1,3,2,0,0,0,0,0,0,0,27,20,7,0,0,0,0,0,0,0,0,0,0,0,0,0,0,0,0,0,0,2,36,0,5,61,615,451,7,47.10%,82.00%,334,16,374,470,391,0,20.1,9,61.70%,47,0
119,15,4bc5n4bry6a5wswiwzq8d9oq2,481569,541,22,Left Attacking Midfielder,Kadell,Thomas,K. Thomas,Forge,c2pdzdl3dgf5b0siidn2ay5ii,15377,6lkj3o21cr4g7bql6tb3fk222,Canadian Premier League (Canada),4,10,0,7,4,3,0,2,3,2,0,0,0,0,3,0,3,0,0,0,0,3,2,8,35,11,183,37,100,0.71,3,1,1.32,0,2,0,4,4,32,2,2,45,14,1,0,358,66,5,12,3,24,60.70%,2,0,44,7,2,3,5,0,6,2,0,0,1,0,0,0,4,4,0,0,0,0,0,0,0,0,0,0,0,0,0,0,0,0,0,0,0,4,10,8,21,192,36,130,26,27.30%,74.90%,53,75,9,16,76,0,14.6,11,27.30%,11,0
150,7,2bvfol1n1otgzral4w8j0ci22,434685,170,18,Left Attacking Midfielder,David,Doe,D. Doe,Edmonton,73xrv2025rnj0t3y9ayp83bec,6925,6lkj3o21cr4g7bql6tb3fk222,Canadian Premier League (Canada),2,5,0,0,0,0,0,1,1,0,0,0,0,0,0,0,0,0,0,0,0,0,1,0,17,1,39,4,17,0.51,0,0,0,1,0,0,0,0,16,4,2,15,5,0,0,93,22,2,3,0,5,50.00%,0,0,10,5,1,0,2,1,2,0,0,0,0,0,0,0,4,4,0,0,0,0,0,0,0,0,0,0,0,0,0,0,0,0,0,0,0,0,5,12,5,56,7,30,8,33.30%,53.80%,9,11,1,4,15,0,19.5,5,0.00%,1,0
24,23,7yfwpe3tltsxez80puqy7hoet,95575,1755,27,Defensive Midfielder,Joseph,Di Chiara,J. Di Chiara,York9,cqthcpums3aas2tdy0qhlkuwa,15382,6lkj3o21cr4g7bql6tb3fk222,Canadian Premier League (Canada),6,3,1,5,2,3,6,3,12,8,2,2,2,0,2,0,0,0,3,0,0,2,2,12,87,31,1001,466,417,2.7,2,1,1.27,2,1,0,16,16,39,3,1,140,22,2,1,1352,119,20,32,30,100,70.30%,18,7,125,6,6,25,11,6,33,1,0,0,0,0,0,0,27,18,9,1,0,0,0,0,0,0,0,0,0,0,0,0,0,0,0,0,0,6,24,8,29,247,259,846,38,26.60%,88.20%,601,118,164,183,667,0,16.5,22,47.20%,36,0
138,12,6l4kyf7qchaomnurt2e2bk445,110525,363,29,Centre Forward,Randy,Edwini-Bonsu,R. Edwini-Bonsu,Edmonton,73xrv2025rnj0t3y9ayp83bec,6925,6lkj3o21cr4g7bql6tb3fk222,Canadian Premier League (Canada),3,9,0,6,2,4,0,0,3,2,0,0,1,0,0,0,0,0,0,0,0,0,3,6,26,3,82,17,36,0.59,0,1,1.57,0,2,5,5,10,12,3,2,26,5,1,1,182,33,2,5,3,10,36.80%,0,0,21,2,0,7,0,2,11,1,0,0,0,0,0,0,5,3,2,0,0,0,0,0,0,0,0,0,0,0,0,0,0,0,0,0,0,1,8,8,6,86,16,80,14,35.40%,64.60%,32,17,4,8,46,0,19.3,12,40.00%,5,0
132,8,6twhs1y8bihm7vc9dib8hgezt,224762,326,20,Right Back,Klaidi,Cela,K. Cela,Forge,c2pdzdl3dgf5b0siidn2ay5ii,15377,6lkj3o21cr4g7bql6tb3fk222,Canadian Premier League (Canada),1,5,1,1,1,0,1,0,0,0,0,0,0,0,1,0,0,0,0,0,0,1,0,1,26,8,110,39,37,0.33,1,1,0.49,1,1,0,2,2,3,0,0,34,2,0,0,240,22,8,6,5,38,73.70%,18,9,14,0,3,3,2,2,5,1,0,0,0,0,0,0,7,6,1,0,0,0,0,0,0,0,0,0,0,0,0,0,0,0,0,0,0,0,12,0,1,61,78,101,6,42.70%,69.10%,45,15,16,22,65,0,17.4,5,47.40%,19,0
146,5,crmcclu4jvwxf4x0vzzzk7wx6,481760,229,28,Defensive Midfielder,Kouamé,Ouattara,K. Ouattara,HFX Wanderers,5gmx3o5y2oc0i6rowjwtu7jvu,15376,6lkj3o21cr4g7bql6tb3fk222,Canadian Premier League (Canada),3,2,0,0,0,0,0,0,1,0,0,0,0,0,0,0,0,0,0,0,0,0,0,1,13,7,97,46,31,0.04,0,0,0,0,0,0,0,0,2,0,0,8,2,0,0,124,18,1,2,3,8,60.00%,2,0,12,1,3,7,0,1,1,0,0,0,0,0,0,0,3,3,0,0,0,0,0,0,0,0,0,0,0,0,0,0,0,0,0,0,0,1,5,0,3,10,30,84,1,37.10%,79.40%,58,2,17,22,69,0,15.7,2,25.00%,4,0
135,11,9eatc4jz3lvrdclqxj4k4980l,243860,346,25,Central Midfielder,Philippe,Lincourt-Joseph,P. Lincourt-Joseph,Edmonton,73xrv2025rnj0t3y9ayp83bec,6925,6lkj3o21cr4g7bql6tb3fk222,Canadian Premier League (Canada),2,8,0,1,0,1,0,2,1,1,0,0,0,0,0,0,0,0,0,0,0,0,2,0,26,8,141,47,60,0.21,0,0,0.4,0,1,2,1,3,6,0,0,28,5,0,0,211,23,6,6,3,20,60.00%,4,2,21,1,0,0,1,1,6,1,0,0,0,0,0,0,5,4,1,0,0,0,0,0,0,0,0,0,0,0,0,0,0,0,0,0,1,0,10,0,8,42,38,131,0,39.00%,75.90%,73,19,15,20,97,0,17.3,8,37.50%,8,0
4,28,2zedqkn15thv6wx5xmgv48gd1,140123,2443,29,Central Midfielder,Kyle,Bekker,K. Bekker,Forge,c2pdzdl3dgf5b0siidn2ay5ii,15377,6lkj3o21cr4g7bql6tb3fk222,Canadian Premier League (Canada),2,1,3,19,6,13,5,14,26,17,1,0,9,1,3,1,3,0,1,0,3,1,13,31,199,54,1388,440,695,5.85,4,5,5.29,7,10,11,33,44,25,2,1,63,11,4,1,1783,115,8,17,18,63,50.00%,20,11,162,9,4,16,2,2,7,4,0,0,0,0,0,0,24,20,4,0,0,0,0,0,0,0,0,0,0,0,0,0,0,0,0,0,0,2,39,4,25,590,222,971,39,28.50%,81.80%,721,296,118,162,862,0,19.4,25,40.50%,42,0
159,2,ckozved8umsj42boq3tte1byt,39226,50,33,Centre Attacking Midfielder,Marcel,de Jong,M. de Jong,Pacific,b3436h8h14zw7f1uv6w9vqf6y,15380,6lkj3o21cr4g7bql6tb3fk222,Canadian Premier League (Canada),0,2,0,1,1,0,1,0,0,0,0,0,0,0,0,0,0,0,0,0,0,0,1,0,4,1,19,5,9,0.14,0,0,0.07,0,0,0,1,1,2,0,0,5,0,0,0,39,2,0,3,0,5,100.00%,2,0,2,0,0,0,0,1,0,0,0,0,0,0,0,0,0,0,0,0,0,0,0,0,0,0,0,0,0,0,0,0,0,0,0,0,0,0,0,2,0,22,10,7,4,21.10%,73.70%,2,8,4,5,3,0,17.9,0,50.00%,2,0
7,24,37pbdttxfaqvayoufo0q0dxey,453335,1814,20,Left Back,Diyaeddine,Abzi,D. Abzi,York9,cqthcpums3aas2tdy0qhlkuwa,15382,6lkj3o21cr4g7bql6tb3fk222,Canadian Premier League (Canada),2,3,0,11,9,2,3,3,12,9,0,0,0,0,1,0,1,0,1,0,1,0,20,2,141,71,984,467,305,1.56,1,4,3.32,1,5,2,20,22,109,16,7,134,47,0,0,1705,133,13,35,48,134,70.60%,31,11,155,7,7,15,0,8,8,2,0,0,1,0,0,0,22,15,7,0,0,0,0,0,0,0,0,0,0,0,0,0,0,0,0,0,0,3,28,28,23,401,474,830,58,36.10%,78.50%,464,101,207,271,577,0,17.7,20,56.10%,41,0
139,5,207co3fpu5mhbs1r0e6p8vze1,231991,450,25,Goalkeeper,Nikolas,Giantsopoulos,N. Giantsopoulos,Cavalry,41ewt71n8fqwy6trsqta1bjvu,15381,6lkj3o21cr4g7bql6tb3fk222,Canadian Premier League (Canada),0,0,0,0,0,0,0,0,0,0,0,0,0,0,0,0,0,0,0,0,0,0,0,0,18,13,116,77,8,0,0,0,0.04,0,0,0,1,1,0,0,0,4,0,0,0,179,0,0,0,0,2,-,2,0,4,0,0,0,0,4,0,0,3,0,0,0,0,1,4,1,3,0,21,1,2,9,6,1,0,19,10,11,3,7,0,4,11,0,0,0,8,0,0,0,179,0,0,48.30%,73.30%,0,0,85,116,0,0,29.3,0,100.00%,2,5.97
29,25,8uqytik44ro3mbkz0s8m163xm,481762,2003,24,Central Midfielder,Andre,Rampersad,A. Rampersad,HFX Wanderers,5gmx3o5y2oc0i6rowjwtu7jvu,15376,6lkj3o21cr4g7bql6tb3fk222,Canadian Premier League (Canada),2,3,0,6,6,0,2,2,6,4,0,0,0,0,1,0,1,0,1,2,0,1,2,7,91,47,921,472,311,0.76,1,1,1.23,0,1,1,19,20,46,0,0,132,35,2,1,1275,99,15,36,35,128,71.80%,40,24,165,6,6,19,3,4,16,0,0,0,1,0,0,0,27,22,5,0,0,0,0,0,0,0,0,0,0,0,0,0,0,0,0,0,0,4,38,4,29,145,332,798,21,31.70%,85.00%,530,70,183,210,626,0,18.1,20,61.00%,41,0
162,8,ekpuqpny9mue83orafcamp2i,490180,61,16,Second Striker,Aribim,Pepple,A. Pepple,Cavalry,41ewt71n8fqwy6trsqta1bjvu,15381,6lkj3o21cr4g7bql6tb3fk222,Canadian Premier League (Canada),0,8,0,0,0,0,0,0,0,0,0,0,0,0,0,0,0,0,0,0,0,0,0,0,2,0,9,1,6,0,0,0,0,0,0,0,0,0,1,0,0,4,0,0,0,21,8,0,1,0,1,100.00%,0,0,3,3,0,1,1,0,0,2,0,0,0,0,0,0,1,1,0,0,0,0,0,0,0,0,0,0,0,0,0,0,0,0,0,0,0,0,1,2,3,14,1,6,0,0.00%,77.80%,1,6,0,0,3,0,10.7,0,40.00%,5,0
13,25,ar6i26vtb7c9tjfrlul7pp3v9,108975,1768,26,Central Midfielder,Julian,Büscher,J. Büscher,Cavalry,41ewt71n8fqwy6trsqta1bjvu,15381,6lkj3o21cr4g7bql6tb3fk222,Canadian Premier League (Canada),12,4,1,13,3,10,2,3,14,10,1,0,11,1,2,3,2,0,1,0,0,5,2,24,215,35,1026,386,390,2.76,5,4,6.53,3,12,23,17,41,25,0,0,134,13,2,0,1520,167,18,43,30,109,53.00%,16,8,187,9,7,35,14,11,26,2,0,0,0,0,0,0,10,10,0,0,0,0,0,0,0,0,0,0,0,0,0,0,0,0,0,0,0,5,20,8,32,479,234,807,25,35.90%,75.60%,504,164,108,147,652,1,20.9,54,30.60%,36,0
165,0,31r2oi7430d9sm4f9m0yzhp79,74962,0,28,Sub - Goalkeeper,Jordan,Santiago,J. Santiago,Cavalry,41ewt71n8fqwy6trsqta1bjvu,15381,6lkj3o21cr4g7bql6tb3fk222,Canadian Premier League (Canada),0,0,0,0,0,0,0,0,0,0,0,0,0,0,0,0,0,0,0,0,0,0,0,0,0,0,0,0,0,0,0,0,0,0,0,0,0,0,0,0,0,0,0,0,0,0,0,0,0,0,0,-,0,0,0,0,0,0,0,0,0,0,0,0,0,0,0,0,0,0,0,0,0,0,0,0,0,0,0,0,0,0,0,0,0,0,0,0,0,0,0,0,0,0,0,0,0,-,-,0,0,0,0,0,0,0,0,-,0,0
91,20,6re26cen7xbrynezb3rerst05,112657,1260,25,Centre Attacking Midfielder,Sergio,Camargo,S. Camargo,Cavalry,41ewt71n8fqwy6trsqta1bjvu,15381,6lkj3o21cr4g7bql6tb3fk222,Canadian Premier League (Canada),8,5,2,11,10,1,6,0,7,1,0,0,0,0,6,0,6,0,0,1,1,5,2,15,81,13,387,91,202,5.96,6,3,3.44,9,6,3,19,22,38,9,4,57,17,1,1,621,85,10,8,9,31,56.30%,4,1,68,6,2,2,1,1,13,7,0,0,0,0,0,0,9,9,0,0,0,0,0,0,0,0,0,0,0,0,0,0,0,0,0,0,0,1,10,6,26,291,47,283,77,24.30%,75.70%,164,108,21,28,204,4,14.5,14,30.80%,26,0
160,1,re7nvdow49fwtuubuavwbvxm,481742,90,28,Goalkeeper,Matthew,Silva,M. Silva,York9,cqthcpums3aas2tdy0qhlkuwa,15382,6lkj3o21cr4g7bql6tb3fk222,Canadian Premier League (Canada),0,0,0,0,0,0,0,0,0,0,0,0,0,0,0,0,0,0,0,0,0,0,0,0,6,1,33,24,2,0,0,0,0,0,0,0,0,0,0,0,0,0,0,0,0,34,0,0,0,0,0,-,0,0,1,0,0,0,0,0,0,0,0,0,0,0,0,0,1,1,0,0,0,0,0,0,0,0,0,0,0,0,0,0,0,0,0,0,0,0,1,0,0,0,34,0,0,54.50%,78.80%,0,0,26,33,0,0,29.8,0,-,0,0.73
152,5,957z9j1c1ktp7h5wzd9kwzbh1,115884,184,27,Centre Forward,Michael,Cox,M. Cox,York9,cqthcpums3aas2tdy0qhlkuwa,15382,6lkj3o21cr4g7bql6tb3fk222,Canadian Premier League (Canada),2,3,0,1,1,0,1,1,3,2,0,0,0,0,0,0,0,0,1,1,0,0,1,1,3,1,33,10,19,0.34,0,0,0.1,0,0,0,2,2,3,0,0,10,0,0,0,61,17,0,1,0,1,100.00%,0,0,3,3,0,1,1,0,3,0,0,0,0,0,0,0,3,3,0,0,0,0,0,0,0,0,0,0,0,0,0,0,0,0,0,0,0,0,4,2,5,31,1,29,8,21.20%,87.90%,18,10,1,1,20,0,14.1,0,41.70%,12,0
139,13,1ezmtic5hzvazq7ogvy5vwbu,224759,365,20,Left Attacking Midfielder,Glenn,Muenkat,G. Muenkat,Valour,dd2vf0yzjm7jm7cak9tf11sa2,15378,6lkj3o21cr4g7bql6tb3fk222,Canadian Premier League (Canada),1,11,0,2,2,0,2,0,4,2,0,0,0,0,0,0,0,0,0,0,0,0,3,3,22,6,85,16,41,0.58,0,0,0.16,0,0,0,3,3,18,4,4,24,10,0,0,179,38,2,4,5,13,60.00%,0,0,17,4,1,2,4,0,3,0,0,0,0,0,0,0,5,3,2,1,0,0,0,0,0,0,0,0,0,0,0,0,0,0,0,0,0,0,11,2,9,89,18,72,16,36.50%,67.10%,26,26,5,9,37,0,14.3,4,8.30%,12,0
52,20,eyu2l3gom8fn098e66e4a6k0l,243967,1784,26,Left Centre Back,Jordan,Murrell,J. Murrell,Valour,dd2vf0yzjm7jm7cak9tf11sa2,15378,6lkj3o21cr4g7bql6tb3fk222,Canadian Premier League (Canada),1,0,0,3,3,0,0,1,1,0,0,0,0,0,0,0,0,0,1,1,0,0,2,0,122,54,738,344,218,0.74,0,0,0.21,1,0,0,5,5,15,1,0,107,8,0,0,1050,79,18,27,26,139,76.30%,63,33,88,6,11,13,1,9,4,0,0,0,0,0,0,0,33,28,5,0,0,0,0,0,0,0,0,0,0,0,0,0,0,0,0,0,1,4,56,0,8,95,488,467,11,46.20%,76.20%,297,36,229,315,377,0,21.6,14,63.50%,63,0
14,25,a64n44ysnv4a5napmtzg1o8kq,481766,2053,29,Right Back,André,Bona,A. Bona,HFX Wanderers,5gmx3o5y2oc0i6rowjwtu7jvu,15376,6lkj3o21cr4g7bql6tb3fk222,Canadian Premier League (Canada),1,3,0,3,3,0,4,0,11,1,0,0,0,0,0,0,0,0,3,0,0,0,4,7,163,88,831,294,286,1.69,0,0,1.29,2,2,4,11,15,43,1,0,150,21,0,0,1510,107,16,50,32,189,85.70%,76,38,161,6,13,12,2,8,3,2,0,0,1,0,0,0,29,26,3,0,0,0,0,0,0,0,0,0,0,0,0,0,0,0,0,0,0,6,36,8,22,344,589,577,47,52.00%,69.80%,283,102,195,292,388,0,17.2,11,65.80%,76,0
84,13,eg3uo03gmym3dhombksuyljop,421822,915,19,Right Centre Back,Emile,Legault,E. Legault,Pacific,b3436h8h14zw7f1uv6w9vqf6y,15380,6lkj3o21cr4g7bql6tb3fk222,Canadian Premier League (Canada),1,3,0,0,0,0,0,0,2,0,0,0,0,0,0,0,0,0,1,0,0,0,0,1,43,26,464,286,109,0.1,0,0,0.03,0,0,0,1,1,12,0,0,61,6,0,0,651,42,9,22,21,97,73.80%,41,15,59,1,6,7,0,8,3,1,0,0,0,1,0,0,19,15,4,0,0,0,0,0,0,0,0,0,0,0,0,0,0,0,0,0,0,3,28,4,4,37,347,267,2,36.20%,85.10%,185,18,192,232,211,0,18.7,11,59.10%,22,0
145,9,b6aw65sbptx2dlqsfx64x59m1,423281,199,23,Right Attacking Midfielder,Austin,Ricci,A. Ricci,York9,cqthcpums3aas2tdy0qhlkuwa,15382,6lkj3o21cr4g7bql6tb3fk222,Canadian Premier League (Canada),2,7,0,0,0,0,2,1,3,1,0,0,0,0,0,0,0,0,0,0,0,0,1,2,22,8,74,16,28,0.43,0,1,0.37,0,1,1,3,4,13,2,1,20,7,2,0,138,25,4,1,3,10,62.50%,1,0,13,3,4,5,0,1,2,1,0,0,0,0,0,0,5,3,2,0,0,0,0,0,0,0,0,0,0,0,0,0,0,0,0,0,0,0,4,2,3,53,15,70,13,37.80%,59.50%,25,14,5,6,45,0,14.7,3,55.60%,9,0
129,6,ay1hg91asmcve43pfqesll562,481620,540,23,Goalkeeper,Dylon,Powley,D. Powley,Edmonton,73xrv2025rnj0t3y9ayp83bec,6925,6lkj3o21cr4g7bql6tb3fk222,Canadian Premier League (Canada),0,0,0,0,0,0,0,0,0,0,0,0,0,0,0,0,0,0,0,0,0,0,0,0,62,21,217,98,36,0,0,0,0.04,0,0,0,1,1,1,0,0,3,1,0,0,270,0,0,0,0,2,-,2,0,5,0,0,0,0,1,0,0,1,0,1,0,0,2,9,8,1,0,20,0,1,10,13,4,0,16,15,5,6,3,0,4,3,0,0,0,13,0,0,0,265,5,0,68.20%,61.80%,1,0,133,212,5,0,38.4,0,100.00%,2,8.22
149,8,cdottaalg53zhyz20ee8ta1ud,162327,344,24,Centre Forward,Calum,Ferguson,C. Ferguson,Valour,dd2vf0yzjm7jm7cak9tf11sa2,15378,6lkj3o21cr4g7bql6tb3fk222,Canadian Premier League (Canada),4,4,1,3,3,0,2,0,3,1,0,0,0,0,1,0,1,0,0,0,1,0,1,5,13,3,60,18,26,1.24,1,0,0,1,0,0,0,0,0,0,0,10,0,0,0,102,26,0,4,0,6,44.40%,2,2,8,4,0,2,1,0,1,1,0,0,0,0,0,0,6,5,1,0,0,0,0,0,0,0,0,0,0,0,0,0,0,0,0,0,0,0,8,0,4,49,6,47,14,20.00%,73.30%,28,14,2,4,35,0,11.5,5,25.00%,16,0
165,0,8ev4bh2rm56bbo2zwyndiz3hm,486066,0,19,Sub - Goalkeeper,Chris,Ezoua,C. Ezoua,Edmonton,73xrv2025rnj0t3y9ayp83bec,6925,6lkj3o21cr4g7bql6tb3fk222,Canadian Premier League (Canada),0,0,0,0,0,0,0,0,0,0,0,0,0,0,0,0,0,0,0,0,0,0,0,0,0,0,0,0,0,0,0,0,0,0,0,0,0,0,0,0,0,0,0,0,0,0,0,0,0,0,0,-,0,0,0,0,0,0,0,0,0,0,0,0,0,0,0,0,0,0,0,0,0,0,0,0,0,0,0,0,0,0,0,0,0,0,0,0,0,0,0,0,0,0,0,0,0,-,-,0,0,0,0,0,0,0,0,-,0,0
121,15,80lmne42x8296d6zo8r23wd05,19992,1139,33,Centre Forward,Michele,Paolucci,M. Paolucci,Valour,dd2vf0yzjm7jm7cak9tf11sa2,15378,6lkj3o21cr4g7bql6tb3fk222,Canadian Premier League (Canada),6,2,2,11,7,4,7,2,9,2,0,0,0,0,2,1,2,0,1,0,2,1,11,8,56,11,191,58,66,3.05,3,2,0.86,2,1,0,6,6,13,4,2,60,8,1,0,343,105,1,6,0,15,33.30%,8,3,23,10,0,5,7,2,17,19,0,0,0,0,0,0,23,23,0,0,0,0,0,0,0,0,0,0,0,0,0,0,0,0,0,0,0,2,47,4,12,154,24,165,55,24.60%,64.90%,78,43,3,8,113,0,14.8,14,24.70%,85,0
137,5,b4fisyd57o49077v5nwv9ex91,82516,192,30,Central Midfielder,Tony,Tchani,T. Tchani,Edmonton,73xrv2025rnj0t3y9ayp83bec,6925,6lkj3o21cr4g7bql6tb3fk222,Canadian Premier League (Canada),1,3,0,2,1,1,1,0,3,3,0,0,0,0,0,0,0,0,0,0,0,0,0,5,25,6,142,46,65,0.45,0,0,0.05,1,0,0,1,1,11,0,0,23,10,0,0,185,16,1,2,3,11,60.00%,4,2,23,0,2,6,0,1,1,0,0,0,0,0,0,0,3,2,1,0,0,0,0,0,0,0,0,0,0,0,0,0,0,0,0,0,0,0,4,0,4,38,31,116,3,31.70%,78.20%,82,16,13,17,103,0,16.9,2,88.90%,9,0
50,23,c8gbyfp650fgai5782915ywa1,210185,1730,24,Central Midfielder,Elimane,Cissé,E. Cissé,Forge,c2pdzdl3dgf5b0siidn2ay5ii,15377,6lkj3o21cr4g7bql6tb3fk222,Canadian Premier League (Canada),11,2,0,9,7,2,3,1,8,3,0,0,0,0,2,0,2,0,2,0,0,2,3,12,91,23,773,249,410,3.26,2,2,2.53,7,6,3,9,12,36,3,1,105,18,1,0,1089,133,18,31,32,100,63.60%,17,12,151,8,5,15,8,3,7,2,0,0,0,0,0,0,16,13,3,0,0,0,0,0,0,0,0,0,0,0,0,0,0,0,0,0,0,0,20,10,29,328,157,604,40,26.60%,85.30%,400,181,78,91,460,0,15.6,28,33.90%,59,0
125,8,6qp7j3yg8y4mi6awsjk79hwph,112997,720,25,Goalkeeper,Quillan,Roberts,Q. Roberts,Forge,c2pdzdl3dgf5b0siidn2ay5ii,15377,6lkj3o21cr4g7bql6tb3fk222,Canadian Premier League (Canada),0,0,0,0,0,0,0,0,0,0,0,0,0,0,0,0,0,0,0,0,0,0,0,0,47,13,210,130,20,0,0,0,0,0,0,0,0,0,1,0,0,6,1,0,0,297,0,0,1,0,3,100.00%,2,0,13,0,0,0,0,2,0,0,4,0,0,1,1,2,9,8,1,0,27,0,1,15,10,2,0,25,17,10,7,4,1,10,6,0,0,0,15,0,0,0,295,2,0,55.70%,71.40%,2,0,148,208,2,0,32.1,0,100.00%,3,9.58
82,16,aisfml98z3uznfzhbopr5kmp5,250775,1440,27,Goalkeeper,Mark,Village,M. Village,Pacific,b3436h8h14zw7f1uv6w9vqf6y,15380,6lkj3o21cr4g7bql6tb3fk222,Canadian Premier League (Canada),0,0,0,0,0,0,0,0,0,0,0,0,0,0,0,0,0,0,0,0,0,0,0,0,139,33,509,277,60,0,0,0,0,0,0,0,0,0,0,0,0,7,0,0,0,674,1,0,1,1,5,50.00%,3,0,14,0,1,0,0,4,0,0,4,2,0,1,2,10,22,18,4,0,47,0,4,23,20,2,0,45,24,23,5,15,4,10,13,0,0,1,33,0,0,0,674,0,0,56.60%,66.20%,0,0,337,509,0,0,35.8,1,100.00%,3,20.98
39,26,ex7za2yvl9xrcdtr60ake2bit,222921,2340,26,Goalkeeper,Nathan,Ingham,N. Ingham,York9,cqthcpums3aas2tdy0qhlkuwa,15382,6lkj3o21cr4g7bql6tb3fk222,Canadian Premier League (Canada),0,0,0,0,0,0,0,0,0,0,0,0,0,0,0,0,0,0,0,0,0,0,0,0,200,53,874,477,144,0,0,0,0,0,0,0,0,0,0,0,0,24,0,0,0,1170,1,0,0,0,12,-,12,1,38,0,0,0,0,13,0,0,6,12,0,1,6,17,34,25,9,0,88,6,9,30,52,12,0,70,60,28,12,37,1,14,21,0,0,0,44,0,0,0,1161,9,0,69.50%,71.10%,3,0,618,867,7,0,35,0,93.80%,16,28.57
83,18,1kz50yz5flax19tm42u3m83bp,160004,881,26,Central Midfielder,Edem,Mortotsi,E. Mortotsi,Edmonton,73xrv2025rnj0t3y9ayp83bec,6925,6lkj3o21cr4g7bql6tb3fk222,Canadian Premier League (Canada),3,9,0,8,4,4,2,4,8,7,0,0,0,0,0,0,0,0,0,1,0,0,7,8,85,18,459,163,193,1.35,0,2,1.11,1,1,7,5,12,22,3,2,64,14,2,1,654,58,12,12,9,36,61.50%,3,1,78,2,2,11,4,3,9,0,0,0,0,0,0,0,14,13,1,0,0,0,0,0,0,0,0,0,0,0,0,0,0,0,0,0,0,1,15,6,10,152,102,400,15,36.80%,77.60%,259,42,55,73,324,0,20.6,15,40.00%,25,0
154,2,759r7l0y8jofaf394tnc7ytt6,481629,137,18,Right Midfielder,Prince,Amanda,P. Amanda,Edmonton,73xrv2025rnj0t3y9ayp83bec,6925,6lkj3o21cr4g7bql6tb3fk222,Canadian Premier League (Canada),2,0,0,1,1,0,0,0,1,0,0,0,0,0,1,0,1,0,0,0,1,0,1,1,7,2,30,8,13,0.16,1,1,0.41,0,1,0,1,1,4,3,3,9,3,0,0,54,8,1,1,3,6,50.00%,1,0,2,2,0,0,0,0,1,0,0,0,0,0,0,0,1,1,0,0,0,0,0,0,0,0,0,0,0,0,0,0,0,0,0,0,0,0,4,2,1,28,7,19,8,20.00%,70.00%,9,9,3,4,10,0,12.9,2,50.00%,6,0
58,18,7ta110w4agnmtkjsfpgilj2wa,481559,1497,31,Right Centre Back,Jonathan,Wheeldon,J. Wheeldon,Cavalry,41ewt71n8fqwy6trsqta1bjvu,15381,6lkj3o21cr4g7bql6tb3fk222,Canadian Premier League (Canada),3,1,0,0,0,0,3,0,5,0,0,0,0,0,0,0,0,0,5,0,0,0,0,0,99,37,782,539,107,0.75,0,0,0.07,0,0,0,1,1,2,0,0,66,2,0,0,935,43,4,12,14,103,88.90%,71,28,62,1,3,8,0,4,2,0,0,0,1,0,0,0,9,9,0,0,0,0,0,0,0,0,0,0,0,0,0,0,0,0,0,0,0,6,14,0,3,22,640,273,15,36.10%,82.60%,194,5,447,523,251,0,23.9,2,60.90%,69,0
3,25,622w13rktz2os2jlo286col3p,168505,2159,24,Central Midfielder,Manuel,Aparicio,M. Aparicio,York9,cqthcpums3aas2tdy0qhlkuwa,15382,6lkj3o21cr4g7bql6tb3fk222,Canadian Premier League (Canada),6,0,1,12,4,8,3,5,21,17,0,0,1,1,0,2,1,0,3,1,0,2,4,25,232,53,1273,384,604,2.3,2,2,2.2,2,1,2,35,37,91,5,2,149,43,2,1,1788,204,27,29,31,98,53.30%,8,3,160,22,8,26,9,5,23,1,0,0,0,0,0,0,30,24,6,0,0,0,0,0,0,0,0,0,0,0,0,0,0,0,0,1,0,6,37,20,41,492,249,1047,47,36.90%,77.60%,668,197,123,172,837,0,17.5,49,34.20%,38,0
87,16,elyp1bpa1kq1hl6sigml22jf9,184380,1440,28,Goalkeeper,Tyson,Farago,T. Farago,Valour,dd2vf0yzjm7jm7cak9tf11sa2,15378,6lkj3o21cr4g7bql6tb3fk222,Canadian Premier League (Canada),0,0,0,0,0,0,0,0,0,0,0,0,0,0,0,0,0,0,0,0,0,0,0,0,179,30,483,215,59,0,0,0,0.21,0,0,0,3,3,0,0,0,6,0,0,0,643,4,2,0,0,8,40.00%,6,0,18,0,0,0,0,3,0,0,2,1,0,0,1,13,30,26,4,0,47,3,3,22,14,4,0,38,31,16,7,15,2,18,13,0,0,0,49,0,0,0,641,2,0,68.50%,56.70%,0,0,274,481,2,0,39.9,3,80.00%,5,27.92
141,4,b4fvyjouvib12km5n7fa11n85,243852,352,28,Right Centre Back,Chakib,Hocine,C. Hocine,HFX Wanderers,5gmx3o5y2oc0i6rowjwtu7jvu,15376,6lkj3o21cr4g7bql6tb3fk222,Canadian Premier League (Canada),1,0,0,0,0,0,0,0,0,0,0,0,0,0,0,0,0,0,0,0,0,0,0,0,20,13,127,71,23,0,0,0,0,0,0,0,0,0,0,0,0,9,0,0,0,161,9,0,2,8,22,100.00%,12,5,16,2,3,2,0,1,0,0,0,0,0,0,0,0,5,3,2,0,0,0,0,0,0,0,0,0,0,0,0,0,0,0,0,0,0,1,14,0,0,0,113,48,0,45.70%,74.00%,34,0,60,83,44,0,23.3,0,75.00%,8,0
53,23,41yxh6wtv2lrs3js0y2ir7svd,223135,1766,24,Left Midfielder,Bruno,Zebie,B. Zebie,Edmonton,73xrv2025rnj0t3y9ayp83bec,6925,6lkj3o21cr4g7bql6tb3fk222,Canadian Premier League (Canada),7,3,0,6,3,3,2,2,8,4,0,0,0,0,1,0,1,0,1,0,1,0,8,5,82,35,683,292,274,1.56,1,0,0.54,2,0,0,8,8,42,3,1,99,15,0,0,1049,107,17,29,21,81,70.80%,13,2,91,4,6,7,6,3,15,4,0,0,0,0,0,0,22,20,2,0,0,0,0,0,0,0,0,0,0,0,0,0,0,0,0,0,0,2,31,18,34,277,234,538,29,30.50%,82.90%,342,119,105,132,404,0,15.1,19,44.40%,36,0
31,22,djsh03luk6mlcoqsqfexadd9m,445788,1756,26,Left Centre Back,Bertrand,Owundi,B. Owundi,Forge,c2pdzdl3dgf5b0siidn2ay5ii,15377,6lkj3o21cr4g7bql6tb3fk222,Canadian Premier League (Canada),1,3,0,0,0,0,1,0,2,0,0,0,0,0,0,0,0,0,2,0,0,0,0,0,129,51,1052,610,262,0.33,0,0,0,0,0,0,0,0,5,0,0,72,5,0,0,1266,60,6,13,24,138,70.40%,92,44,92,4,5,8,0,5,7,1,0,0,0,1,0,0,20,17,3,0,0,0,0,0,0,0,0,0,0,0,0,0,0,0,0,0,0,4,32,0,6,18,607,641,5,41.30%,82.90%,513,8,351,438,603,0,20.4,8,53.70%,67,0
102,11,5pxg9qijp78vbve2b5eprf4r9,151951,931,28,Centre Forward,Emery,Welshman,E. Welshman,Forge,c2pdzdl3dgf5b0siidn2ay5ii,15377,6lkj3o21cr4g7bql6tb3fk222,Canadian Premier League (Canada),3,0,1,9,8,1,9,2,10,0,1,1,0,0,3,0,2,0,1,1,1,2,3,14,60,16,272,48,148,5,3,2,2.03,7,3,0,15,15,48,9,4,59,23,2,2,498,88,7,10,3,26,70.80%,6,6,39,7,1,6,2,1,10,1,0,0,0,0,0,0,11,10,1,0,0,0,0,0,0,0,0,0,0,0,0,0,0,0,0,0,0,1,15,18,29,266,33,199,74,25.00%,72.10%,89,98,9,15,127,1,13.2,7,19.40%,31,0
153,6,79mxm0eabtbsoieveku9v91ey,488467,77,24,Centre Forward,Stefan,Lamanna,S.Lamanna,York9,cqthcpums3aas2tdy0qhlkuwa,15382,6lkj3o21cr4g7bql6tb3fk222,Canadian Premier League (Canada),0,6,0,0,0,0,0,0,2,0,0,0,0,0,0,0,0,0,2,0,0,0,0,0,6,1,31,11,13,0.17,0,1,0.53,0,1,0,1,1,8,1,0,8,3,0,0,55,10,2,0,0,2,100.00%,0,0,10,1,0,0,0,1,1,1,0,0,0,0,0,0,2,2,0,0,0,0,0,0,0,0,0,0,0,0,0,0,0,0,0,0,0,0,2,0,3,18,6,31,5,29.00%,77.40%,21,2,1,2,23,0,12.1,0,50.00%,2,0
107,8,20o0wuwg7mm8ynf0msec3a06i,481560,609,28,Right Midfielder,Dean,Northover,D. Northover,Cavalry,41ewt71n8fqwy6trsqta1bjvu,15381,6lkj3o21cr4g7bql6tb3fk222,Canadian Premier League (Canada),2,1,0,0,0,0,0,0,1,0,0,0,0,0,0,0,0,0,0,0,0,0,1,0,54,23,255,92,86,0.05,0,0,0.42,0,1,0,4,4,12,0,0,52,6,0,0,478,39,7,13,15,48,80.00%,10,6,32,3,4,6,0,6,8,0,0,0,0,0,0,0,5,4,1,0,0,0,0,0,0,0,0,0,0,0,0,0,0,0,0,0,1,2,7,4,5,113,138,227,2,44.30%,69.80%,105,35,38,65,142,0,19.7,5,50.00%,24,0
165,0,d3zpp8u78lgqwzbgj9kvq9my2,492174,0,NA,Sub - Goalkeeper,Luke,Iacobellis,L. Iacobellis,Forge,c2pdzdl3dgf5b0siidn2ay5ii,15377,6lkj3o21cr4g7bql6tb3fk222,Canadian Premier League (Canada),0,0,0,0,0,0,0,0,0,0,0,0,0,0,0,0,0,0,0,0,0,0,0,0,0,0,0,0,0,0,0,0,0,0,0,0,0,0,0,0,0,0,0,0,0,0,0,0,0,0,0,-,0,0,0,0,0,0,0,0,0,0,0,0,0,0,0,0,0,0,0,0,0,0,0,0,0,0,0,0,0,0,0,0,0,0,0,0,0,0,0,0,0,0,0,0,0,-,-,0,0,0,0,0,0,0,0,-,0,0
12,26,afbi7ba716z8at1irydcx44ix,250972,2216,25,Left Midfielder,Ryan,Telfer,R. Telfer,York9,cqthcpums3aas2tdy0qhlkuwa,15382,6lkj3o21cr4g7bql6tb3fk222,Canadian Premier League (Canada),2,2,2,29,17,12,14,3,21,9,0,0,4,0,6,2,7,1,2,2,3,4,29,17,161,29,832,245,397,7.15,8,1,5.59,11,7,25,41,66,136,18,9,202,80,1,1,1533,170,15,37,23,83,70.30%,8,5,130,14,1,10,8,6,31,13,0,0,0,0,0,0,33,24,9,1,0,0,0,0,0,0,0,0,0,0,0,0,0,0,0,0,0,2,41,28,51,698,181,654,123,30.00%,77.20%,388,179,75,101,464,3,19,22,45.60%,57,0
56,26,42d31lze22zahkqy8vu5zpcyd,85715,1976,25,Centre Forward,Oumar,Diouck,O. Diouck,Edmonton,73xrv2025rnj0t3y9ayp83bec,6925,6lkj3o21cr4g7bql6tb3fk222,Canadian Premier League (Canada),9,4,3,16,8,8,9,3,17,8,0,0,6,0,5,1,5,1,3,1,0,5,3,26,114,23,583,166,280,4.91,6,2,3.48,7,5,6,24,30,50,5,3,113,25,0,0,983,156,15,21,5,48,55.40%,6,1,105,28,6,28,10,7,28,18,0,0,0,0,0,0,22,20,2,0,0,0,0,0,0,0,0,0,0,0,0,0,0,0,0,0,0,6,36,6,30,421,95,467,73,23.50%,76.50%,255,155,36,47,330,0,18.6,29,27.60%,29,0
41,21,4ux10kolns6m5lgd64wumjfth,197038,1772,24,Defensive Midfielder,Louis,Béland-Goyette,L. Béland-Goyette,Valour,dd2vf0yzjm7jm7cak9tf11sa2,15378,6lkj3o21cr4g7bql6tb3fk222,Canadian Premier League (Canada),3,0,1,2,0,2,0,4,7,7,0,0,0,0,0,1,1,0,0,0,0,1,0,9,107,31,881,358,385,0.41,1,3,1.96,0,1,2,26,28,22,0,0,103,9,2,2,1159,114,13,41,32,105,60.70%,19,7,142,2,4,29,1,7,24,0,0,0,0,1,0,0,38,34,4,0,0,0,0,0,0,0,0,0,0,0,0,0,0,0,0,0,0,5,62,6,24,155,257,747,5,34.80%,84.30%,514,85,144,167,614,0,19.6,35,44.40%,18,0
111,15,2sc081mofdwjhdhyggnz78b9,113755,1014,33,Centre Forward,Luis Alberto,Perea,L. Perea,HFX Wanderers,5gmx3o5y2oc0i6rowjwtu7jvu,15376,6lkj3o21cr4g7bql6tb3fk222,Canadian Premier League (Canada),6,3,2,11,7,4,2,1,4,0,2,2,0,0,3,0,1,0,0,1,0,3,5,9,63,12,302,82,145,3.42,3,1,0.87,5,1,1,11,12,15,1,0,41,9,0,0,441,58,4,6,2,13,58.80%,1,0,36,7,1,3,3,0,9,4,0,0,0,0,0,0,17,15,2,0,0,0,0,0,0,0,0,0,0,0,0,0,0,0,0,0,0,2,17,0,22,202,24,215,33,24.80%,75.20%,130,83,14,16,165,0,13.4,7,41.70%,24,0
42,22,334ys3md0ycavngg26g75yi21,244406,1809,21,Left Centre Back,Matthew,Baldisimo,M. Baldisimo,Pacific,b3436h8h14zw7f1uv6w9vqf6y,15380,6lkj3o21cr4g7bql6tb3fk222,Canadian Premier League (Canada),7,1,0,2,0,2,0,2,3,1,0,0,0,0,0,0,0,0,1,0,0,0,1,3,105,40,909,502,262,0.79,0,0,0.53,1,0,0,12,12,19,0,0,103,13,0,0,1157,127,19,28,25,101,57.30%,29,6,107,4,9,21,1,8,13,0,0,0,0,0,0,0,32,28,4,0,0,0,0,0,0,0,0,0,0,0,0,0,0,0,0,1,0,6,54,2,24,106,483,568,6,38.50%,84.00%,377,51,336,388,458,0,18.5,35,43.10%,51,0
60,25,7tmc8hrkee4lo05qa26i7e5zp,173159,2250,24,Goalkeeper,Marco,Carducci,M. Carducci,Cavalry,41ewt71n8fqwy6trsqta1bjvu,15381,6lkj3o21cr4g7bql6tb3fk222,Canadian Premier League (Canada),0,0,0,0,0,0,0,0,0,0,0,0,0,0,0,0,0,0,0,0,0,0,0,0,191,49,695,393,62,0,0,0,0.03,0,0,0,1,1,0,0,0,11,0,0,0,929,2,0,0,0,7,0.00%,7,0,32,0,1,0,0,6,0,0,9,13,0,0,2,13,17,17,0,0,66,2,2,30,31,2,0,62,34,32,12,22,3,20,12,0,0,1,25,0,0,1,925,3,1,60.60%,65.50%,1,0,454,691,3,0,35.9,1,100.00%,7,19.1
114,12,cqn9qstqvg761dhxrbjtmrg7p,35117,1028,35,Goalkeeper,Jan-Michael,Williams,J. Williams,HFX Wanderers,5gmx3o5y2oc0i6rowjwtu7jvu,15376,6lkj3o21cr4g7bql6tb3fk222,Canadian Premier League (Canada),1,0,0,0,0,0,0,0,0,0,0,0,0,0,0,0,0,0,0,0,0,0,0,0,61,27,268,150,30,0,0,0,0,0,0,0,0,0,0,0,0,5,0,0,0,396,3,0,0,0,4,0.00%,4,1,23,0,1,0,0,2,0,0,2,5,1,0,5,4,19,15,4,0,40,1,2,17,18,5,0,34,27,13,4,17,5,9,8,0,1,1,17,0,0,0,395,1,0,57.10%,67.20%,0,0,180,267,1,0,33.4,2,100.00%,4,10.91
100,14,daf9pfrmp5w42wpwejb3lzkr9,246192,952,28,Right Back,Yong-Chan,Son,Son Yong-Chan,Edmonton,73xrv2025rnj0t3y9ayp83bec,6925,6lkj3o21cr4g7bql6tb3fk222,Canadian Premier League (Canada),6,3,0,1,0,1,1,0,0,0,0,0,0,0,0,0,0,0,0,0,0,0,0,1,44,32,310,120,114,0.08,0,1,0.77,0,0,7,9,16,9,0,0,48,0,0,0,554,55,8,21,8,42,78.40%,3,1,50,2,5,9,2,6,4,0,0,0,0,0,0,0,11,9,2,0,0,0,0,0,0,0,0,0,0,0,0,0,0,0,0,0,0,1,16,8,9,167,164,223,8,40.00%,75.50%,124,46,64,93,163,0,20.4,8,28.00%,25,0
27,23,8djbjtpajhwv1falg9buuone2,481746,1718,24,Defensive Midfielder,Wataru,Murofushi,W. Murofushi,York9,cqthcpums3aas2tdy0qhlkuwa,15382,6lkj3o21cr4g7bql6tb3fk222,Canadian Premier League (Canada),13,3,0,9,6,3,1,3,4,1,1,1,0,0,3,0,1,0,0,1,0,3,1,11,118,36,1062,486,422,2.57,3,0,1.82,4,2,1,24,25,23,2,1,101,16,2,1,1318,83,15,29,18,65,60.30%,2,1,149,7,6,17,4,7,23,3,0,0,0,0,0,0,23,18,5,1,0,0,0,0,0,0,0,0,0,0,0,0,0,0,0,0,0,3,33,2,12,197,291,830,29,29.90%,85.50%,611,93,204,226,706,0,17,29,50.00%,14,0
76,20,87livipejk1sbferagw91n6c5,101092,1513,26,Left Centre Back,Adam,Mitter,A. Mitter,Valour,dd2vf0yzjm7jm7cak9tf11sa2,15378,6lkj3o21cr4g7bql6tb3fk222,Canadian Premier League (Canada),5,1,0,0,0,0,0,0,1,0,0,0,0,0,0,0,0,0,0,0,0,0,0,1,70,34,620,419,97,0.12,0,0,0.1,0,0,0,2,2,1,0,0,64,1,0,0,760,59,4,13,29,96,63.00%,50,17,46,1,7,15,1,3,3,0,0,0,0,0,0,0,34,32,2,0,0,0,0,0,0,0,0,0,0,0,0,0,0,0,0,0,1,4,56,0,1,4,494,262,2,38.70%,83.20%,183,1,332,380,238,0,22.1,10,52.00%,75,0
112,8,7qctsydagkbx65ctb9wlw9n1l,247683,596,21,Central Midfielder,David,Norman Jr.,D. Norman,Pacific,b3436h8h14zw7f1uv6w9vqf6y,15380,6lkj3o21cr4g7bql6tb3fk222,Canadian Premier League (Canada),3,1,0,1,0,1,0,4,1,0,0,0,0,0,0,0,0,0,1,0,0,0,1,0,41,17,292,129,105,0.55,0,0,0.15,1,0,0,4,4,6,0,0,42,3,2,1,402,44,9,9,8,35,85.70%,9,6,35,2,2,4,1,2,11,0,0,0,0,0,0,0,6,5,1,1,0,0,0,0,0,0,0,0,0,0,0,0,0,0,0,0,0,2,15,2,11,57,110,235,4,34.60%,80.10%,141,28,65,77,181,0,17.7,3,27.60%,29,0
46,20,4tus0wc9k482jmoncnstteelm,481577,1461,24,Defensive Midfielder,Raphael,Ohin,R. Ohin,Valour,dd2vf0yzjm7jm7cak9tf11sa2,15378,6lkj3o21cr4g7bql6tb3fk222,Canadian Premier League (Canada),2,4,0,4,0,4,2,6,13,12,0,0,0,0,0,0,0,0,0,0,0,0,2,15,95,70,765,361,239,0.84,0,0,0.34,0,0,0,8,8,43,2,1,109,30,0,0,1109,109,12,26,20,93,65.50%,32,17,155,4,14,23,1,14,12,0,0,0,0,1,0,0,35,32,3,0,0,0,0,0,0,0,0,0,0,0,0,0,0,0,0,0,0,9,55,4,19,119,403,587,8,40.90%,78.40%,371,41,188,250,463,0,18.3,20,44.40%,36,0
66,15,8e8emyf0eilzcqromw4nf93h1,100486,1161,28,Left Centre Back,Hendrik,Starostzik,H. Starostzik,Pacific,b3436h8h14zw7f1uv6w9vqf6y,15380,6lkj3o21cr4g7bql6tb3fk222,Canadian Premier League (Canada),2,2,1,2,2,0,1,0,3,0,0,0,0,0,1,0,0,1,3,2,0,0,0,0,54,39,699,503,103,0.86,1,0,0.14,1,0,1,2,3,0,0,0,48,0,0,0,849,34,2,11,25,111,68.40%,72,31,61,1,7,10,0,5,0,1,0,0,1,0,0,0,21,18,3,0,0,0,0,0,0,0,0,0,0,0,0,0,0,0,0,0,0,3,31,0,0,13,644,192,6,39.60%,86.70%,143,3,460,520,174,0,20.6,6,75.00%,44,0
165,0,eb0qxwpcnsxwfi1o3jqc7l7xm,485396,0,25,Sub - Goalkeeper,Tyrone,Venhola,T. Venhola,Pacific,b3436h8h14zw7f1uv6w9vqf6y,15380,6lkj3o21cr4g7bql6tb3fk222,Canadian Premier League (Canada),0,0,0,0,0,0,0,0,0,0,0,0,0,0,0,0,0,0,0,0,0,0,0,0,0,0,0,0,0,0,0,0,0,0,0,0,0,0,0,0,0,0,0,0,0,0,0,0,0,0,0,-,0,0,0,0,0,0,0,0,0,0,0,0,0,0,0,0,0,0,0,0,0,0,0,0,0,0,0,0,0,0,0,0,0,0,0,0,0,0,0,0,0,0,0,0,0,-,-,0,0,0,0,0,0,0,0,-,0,0
71,23,6rj6gpjhz8sk2405943kpii1h,167886,1441,24,Central Midfielder,Dylan,Carreiro,D. Carreiro,Valour,dd2vf0yzjm7jm7cak9tf11sa2,15378,6lkj3o21cr4g7bql6tb3fk222,Canadian Premier League (Canada),6,8,1,9,3,6,4,6,13,9,0,0,3,0,1,1,2,0,0,0,0,2,5,17,119,14,541,153,255,1.28,2,2,2.66,0,4,6,19,25,26,0,0,63,12,1,0,781,85,5,10,4,22,53.60%,2,1,78,3,4,12,10,10,11,8,0,0,0,0,0,0,32,28,4,1,0,0,0,0,0,0,0,0,0,0,0,0,0,0,0,0,0,3,53,2,23,303,95,383,38,32.70%,75.40%,237,112,59,66,305,0,17.5,13,19.20%,26,0
37,25,7fcj29th1uv9jkhdh67tygeay,481562,1943,24,Right Attacking Midfielder,Nico,Pasquotti,N. Pasquotti,Cavalry,41ewt71n8fqwy6trsqta1bjvu,15381,6lkj3o21cr4g7bql6tb3fk222,Canadian Premier League (Canada),5,3,1,16,16,0,4,2,13,1,0,0,0,0,5,0,3,1,3,3,2,2,8,15,112,19,477,119,227,5.77,5,3,3.6,10,6,6,18,25,125,14,7,186,57,0,0,1179,212,19,30,13,75,59.80%,11,7,114,25,5,15,18,7,22,2,0,0,0,0,0,0,12,12,0,1,0,0,0,0,0,0,0,0,0,0,0,0,0,0,0,0,0,6,25,34,37,660,123,396,99,30.60%,72.50%,156,151,39,52,210,3,17.6,33,41.20%,85,0
165,0,9u43821bgzomf56br5toaywdm,485988,0,19,Sub - Goalkeeper,Baj,Maan,B. Maan,Forge,c2pdzdl3dgf5b0siidn2ay5ii,15377,6lkj3o21cr4g7bql6tb3fk222,Canadian Premier League (Canada),0,0,0,0,0,0,0,0,0,0,0,0,0,0,0,0,0,0,0,0,0,0,0,0,0,0,0,0,0,0,0,0,0,0,0,0,0,0,0,0,0,0,0,0,0,0,0,0,0,0,0,-,0,0,0,0,0,0,0,0,0,0,0,0,0,0,0,0,0,0,0,0,0,0,0,0,0,0,0,0,0,0,0,0,0,0,0,0,0,0,0,0,0,0,0,0,0,-,-,0,0,0,0,0,0,0,0,-,0,0
123,15,11228m951oqcoir09sjjuep61,244374,517,21,Central Midfielder,Steven,Furlano,S. Furlano,York9,cqthcpums3aas2tdy0qhlkuwa,15382,6lkj3o21cr4g7bql6tb3fk222,Canadian Premier League (Canada),2,11,0,1,1,0,0,0,2,2,0,0,0,0,0,0,0,0,0,0,0,0,0,3,42,15,225,96,72,0.1,0,2,1.06,0,2,1,8,9,6,2,0,28,2,0,0,325,34,6,9,10,31,83.30%,6,3,24,4,2,9,1,0,3,0,0,0,0,0,0,0,11,6,5,0,0,0,0,0,0,0,0,0,0,0,0,0,0,0,0,0,0,4,14,0,6,58,74,193,10,39.10%,74.70%,122,16,30,43,159,0,19.2,3,53.30%,15,0
68,17,9xntliz4ut9p00wlwc0gd7e95,481759,1246,27,Left Back,Alex,De Carolis,A. De Carolis,HFX Wanderers,5gmx3o5y2oc0i6rowjwtu7jvu,15376,6lkj3o21cr4g7bql6tb3fk222,Canadian Premier League (Canada),4,2,0,4,0,4,0,1,6,3,0,0,3,0,0,0,0,0,0,0,0,0,10,0,89,47,467,198,133,0.45,0,0,0.62,0,0,8,3,11,21,1,0,62,7,0,0,827,71,13,21,14,87,64.20%,34,16,78,2,2,10,0,4,3,1,0,0,0,0,0,0,21,17,4,0,0,0,0,0,0,0,0,0,0,0,0,0,0,0,0,0,0,3,23,6,11,174,287,366,9,53.10%,70.90%,175,53,103,158,235,0,19.7,19,46.90%,32,0
136,8,dl4wkt9bhput0z1sikhu15562,483117,315,20,Right Midfielder,Federico,Peña,F. Peña,Valour,dd2vf0yzjm7jm7cak9tf11sa2,15378,6lkj3o21cr4g7bql6tb3fk222,Canadian Premier League (Canada),1,5,0,1,0,1,1,0,0,0,0,0,0,0,0,0,0,0,0,0,0,0,0,1,20,10,107,45,32,0.07,0,0,0.85,0,2,0,2,2,11,0,0,14,6,0,0,192,30,0,1,4,11,9.10%,6,2,16,1,2,1,1,3,1,2,0,0,0,0,0,0,10,10,0,0,0,0,0,0,0,0,0,0,0,0,0,0,0,0,0,0,0,1,13,0,6,43,61,88,3,42.10%,72.00%,45,11,21,31,58,0,16.2,10,37.50%,8,0
156,1,2bwli6laejcfs9eb6euey2lbe,483256,90,21,Left Winger,Gabriel,Bitar,G. Bitar,Cavalry,41ewt71n8fqwy6trsqta1bjvu,15381,6lkj3o21cr4g7bql6tb3fk222,Canadian Premier League (Canada),0,0,0,4,1,3,0,0,1,0,0,0,0,0,0,0,0,0,0,0,0,0,1,4,2,0,16,6,8,0.72,0,0,0.1,2,0,0,2,2,4,0,0,5,1,0,0,42,12,2,1,0,4,50.00%,1,0,2,1,0,0,1,0,0,0,0,0,0,0,0,0,3,0,3,0,0,0,0,0,0,0,0,0,0,0,0,0,0,0,0,0,0,0,2,0,4,26,5,11,5,31.30%,87.50%,5,7,2,2,7,0,17.5,3,0.00%,1,0
